0006d290963340babe248be680fd8e27	3263d5dd-48cf-4bdf-83aa-76d2f2c75636
00223a7f18e44e44be38bb3e3f3a3886	1bee6a74-4791-4955-b69b-9e555775fe78
00fb8b743ccf4839a183933ea6daf0a2	b294e2d7-c445-407b-b823-e272f27d95c6
01149114025049fba02c1c9793e6a52d	592fb62c-22e9-4574-a520-4acb7f8639a3
012be74f96294ddea7b52ce9bd6e59df	4666a0c2-66ef-4e4a-bb15-ecf59bdbb74c
01968c0387d145a1ab90b169b076d276	e7bd4329-2c2b-4690-b8cd-e68d99c67369
01ad41f589fa47c594ef8e84b51b1abc	E40A257D35DB4168942069F4BE287406
01b287bfb43f4114817984cc27e3056e	4a12146c-70ea-44e3-9ce3-62ebdc5d1184
01d305f16b464fde9b487351396a0209	860acafd-df20-4119-9814-5de19d1a67ff
0216c6b998b741b7b72cab6e6bbe2af9	bb6086cf-08aa-4093-a05c-aa14dac85717
024c1b31f6b546d4800b4f1287c2c37c	1a84a1cc-63f5-4181-8044-39fde01d634c
02949061595746358d2395f3ec98df7c	00616bf9-e6eb-490a-b2e1-527cbf13130b
02d2296971f5499c8db1784412f2e2b0	b0db6c92-009a-4903-8b68-c03ea9ca2458
035fdd54f44f4dd995f92d00cb809b8d	bbfaad57-6a60-4bd5-825e-13547f2d458f
040d3431daf64851a275236651606e90	bb9b376d-8374-4868-8c82-d9729ee66c05
044a4274573e48e09de3bd4f163a470d	47868bcf-aa6d-44fd-bf44-52ecace60c52
04818ce007734a40b5333116b9f0f9df	ca120429-9203-4616-84ab-aed5755c046f
048e63037115496496b67f95f5fb7b2a	e0ac521d-3ca6-4c15-9284-fad581695adc
04e74d9a2f9b487b9d1ff16c698eff2b	3025d9fd-b15c-4738-9f0b-19f65f624352
05304b60e6524195bed154fe149fa0a9	17ad11c9-4148-472f-b15f-8dfd36338875
0532113ceb6e4985bba6de2e73f340cd	265CE8FAB3834D92AA6AD057416BDC69
0550b42e30624aac9f3d713172788fcb	212c3e6f-b3d6-40c5-9dba-58b8030958dc
055f69cc5fd14322bdfb3829d6bfda1e	d084eeef-616a-4b16-871a-107e6cf68da3
05e6affa516f4bd9844a673831c5ae7e	413f611d-b346-4d01-9ab7-6eacbbc4dadb
05e8ad7f84e64ac5876c7d328f352907	c09ceb53-6808-4379-9d01-6c211fddd21d
05fbf80c1de04bc08bdd10277a7ccc48	3e7dddc7-c9cf-47bd-a13b-496d4ab0d125
060adf106d794b3280d70704232e278d	5ece632b-eda6-40f1-8365-d0a4f11bb8a5
0654e27796224aedbe94d50553c12336	72d9cbda-5683-41f4-840a-484cdc414796
06e0010f409b46deabd0217bdc18d867	1D307FB8B0434A74B4A24FC1931AA425
076cb7eb94c9406c960f2576734eedf2	b73bbc8e-45fd-40fa-87b5-973acd66fbf8
084397e76a6b430d91ea207f6e70bda6	c94fca1a-b141-4c63-b57b-ae2330d98a64
0909e48e233e43b68c414a4a68d23cdf	d2fb2fa7-4e46-43f3-9eb0-c880d3568e92
095efbb2ee1e423ea1fe486613cda6b1	14eaaaba-d891-440c-85bd-f933a5ca6e58
09c8ea6fd8ae4bf791e3434dfcd18251	5e2b7ffe-913f-4191-9142-82e9f8535484
09e0de1a1c3d4d89aac341675fa4938d	04e54962-2d36-4c23-be38-e04b562536cf
09f4a11870cd416f948b5b58b6d4f54a	03e75ae4-020a-411e-9fb9-b5a79fe35171
0a75fa244d8c4173a3c0d8339bc8b2ac	82d4695c-0e76-4326-86e1-3f764cc283d4
0a7a8f2852854d0fb50fad5b9dc26868	FF4F17C9B67D4DC7853F1EB6815F76A4
0a841e610d1f4386824442b88d1b52b9	cc217205-c64d-455f-b3f5-8d4dc3100287
0ab0955010b14cd7bb2a0ef57c31ca2e	20C196690F7B4C9E900C0C8BFC50426C
0b4f865641984c4f9af73bd02a5ff744	b324ef5a-6cb7-4ed9-9816-df10735b9fd0
0b9a9e00e497417692701df34becdab7	6d091ad7-9ade-44e0-bf9d-7f3be0bac53e
0c1177b6da0a4711a2d2aa4e1b1274dd	3a75ebb3-ff68-43df-a377-eb55a66fc70c
0ca81343a0b844c38276825950ade45a	ff313b7c-e314-4fe5-a486-9b331c355736
0cc913392aa54dcab686af8a7817c6be	03e41e57-0260-4189-9c54-58eb7317ddca
0d9eb830e955495ba53fa23c02418e4b	29be944b-c7da-4a25-9f91-5e4c596b181c
0da920bed9e54b8484a36498c0743215	445f604a-1f82-4dad-b9b5-8c3a59c9d4b7
0e082a11f2234949bfbad52791b265cb	55bbb99e-9b8f-439f-9647-2102e9286488
0e5090ba393746eeb5a748515ccd5cd0	4709c5ac-7b11-4e2e-b92e-bd168ba9c791
0e60f6045d9a46e88c60969452529a14	fab69d12-6d5c-4f2f-982d-e2f422207ead
0e6783b43bd54591b9d704f4789aabfd	9cb060da-cdc3-4058-b793-1aa4c1a612ce
0e7044d816b345d581880844ecec1a61	cb9599cebe384e7eb66acebf0c6efa94
0e970cd6839b4544a698fe8ed0b2e1c3	bfdb4fb5-3fd4-4b65-8d46-1fe2441d1774
0f005d75543c40a5a34995a056b6c117	b8645067-b1d1-411d-baa4-b1106dcb960c
0fca7319d95649d191db38b8bb2a40c1	9afe821d-11fd-4676-b5cd-f23e930f37f2
10112ff113d64db3908c0aacc4514a30	aa494791-37c4-48ea-9fae-aa47bb498af4
104c4b21271b4fffa2b9fb11d55d53e0	9CB6EF771C4845A8A9C3D56CE070B644
107792d787af4072a07a424955cec4b8	90450135-a5c8-45c5-ae40-ba17bb2e642b
10f5de303d044392ab335a63707cd8fa	da185f4d-013f-4ec4-8eaf-37bdb6896f84
1119b38188f543c49646fb2ecc1763c1	1ac5c02e-766a-4d3f-938d-3760cfbc430d
11869c8bcbd44b8a91bb04049f5e7873	4834276f-0f23-4222-9610-0a419e309fbd
126bf06edde44c0092233122b558f711	6db98b6a-9eca-4205-90d7-46040477b041
12e4ebcef30f448c841f6aa1ac3135b6	8106e86f-d4d2-48ee-8c59-5b74cd6759dc
12f255ac8b2544dd95e67e99fe497d30	666a801b-dc16-419a-b476-880e8a04384f
1320a42e46a542a39b62110f760ba04a	052b76f3-4a8e-4cc9-8435-29bddedb15b9
136c0f7612c74fde8cfcedf496e5c415	a1478467-58d6-4ac2-9335-c1e7ac24e64d
13e9d4f7274c4c7eb83c0c8d6dbb8806	615B47ACEF2A4F04B1D84DA4E76A609B
140510eb066443c5b74ad066695c13c3	20494247-995d-40bb-8d74-424f00f5dd7f
148ed0a4f57e456db6833dfc532f4544	ef13080f-2007-45f5-8b06-e201b0fd3254
15938222266b4d208836338115d49d3e	0b09a8b8-b26b-45fd-93fa-16e8654442e1
15ca4018723c402dbbe726f5e32626f3	96bd6880-ec5b-4576-a624-3508998ca626
161df5b8ba43478593ea85059f30b7dc	f936f022-6475-49dc-a8b7-48c779a1d4af
168a1aab6e6d4c3083ebe91c5d4df48e	de5e1942-a698-4624-b005-2756a4530d4d
168d13188f4e4903a93f66efe7e6e424	14e779a3-31a6-45e0-99ef-581dbb405c0a
16a3eaff708c4eefb79356adc71b1fdc	6b71e603-a672-424f-84a2-45bc718b4fcf
1776daf1d5fb4cb9a5b1e23b55b53596	6ab40a09-b03a-4941-b0da-d328867ec4c3
17a715f1db15491b9d060f3cb950672c	eb7a7955-dca4-487a-b822-1646cd7c3518
17e2fb48abea4701accbc3516a1fff33	c9d970d0-1abd-4ff9-adb9-621998406ab3
1859576a67724510a676c8344c4e77df	3c03ab44-2580-4425-8a39-9aa2007b2fb1
18773be61108429593123fbdeba98f91	9f9d3a14-9f93-4190-9b98-94831f6cc150
19b45df4d5114f22835cba5d3a6a6aec	05e58026-dd33-41b9-8bdb-f3cc3030ff93
19be0cfc992641ceba04875c3f31381a	d26403a3-4577-40ff-93b0-d9d86df061a4
19c02cc71dc7423283514c07625bc6bd	ce278c19-b7f8-4463-95f3-cfd091ef74bb
19c59fe058d840cda7f399c9dee2d0b2	229bda96-1b9e-4d94-accd-eaeed1516376
1a64a9db60b54333b11f1ab48eac55d9	812eb69d-f7a0-4e1d-89c0-4db3b0e43c48
1b10cfedf9874b44b21133c8c4fff02a	6edec310-b1d3-44cc-9190-8054aff3945d
1b127217b5d04168845e2547ed841eeb	14125aa7-3db5-494d-8385-48a43da6f5a7
1b4fded4aaca4ceb93c0dca1a62352b4	7adbf3bd-9d26-4a21-b5dc-3b0c325ce523
1bd8d885e46344a9a93fda1678a10637	89572274-9f2c-42a0-8fc8-f11f7fd92a6a
1be3d36a0b854bb09ba21325ddce46b2	0D9A1ED748EB45E58C713D5C93B32871
1bfae0e817a94b0e99d99aea87e3f754	07dbe92b-9217-4b25-8640-4e6ea9e40a0b
1c025530552b47f29feaac52a28ff27b	09224314-5aa7-4f28-ae9b-3e5737e9e638
1c50ebbd68e94e02abd7893426da94f0	9efde366-2cb6-4002-9ce8-efcf091a4f22
1ca772c685894f1e9a80b5acfaf2ce4a	fc10fec2-ae6b-44b1-8742-e87e07829657
1d47d90867fb4f659523112a9c05e567	e758b450-b89a-45bb-80f6-e9d8882508ed
1d687388d5234875b69cee90ca879b93	6d6a3545-b878-4bb3-9ed6-15af07ceb8c9
1eae07042de54933843a843ef11a3aea	294e31c8-e286-409e-8b6f-4a9c22dac068
1f0788a910eb4174bd021c04c2c9baf3	eb5f4845-aa2f-4e9c-bef2-eac443209099
1f5d8d0bbb7b474ba7a73eb60c658016	83820b92-6ed3-46f7-b2c2-370a3880650f
1fa9aa2155ad4489acc29b529c6c6dc9	8f1bf7b6-b773-46e4-ada3-83a89afb0521
1ff8688d0fbe4902a4b3e935a1912e25	0425d0b0-ad7f-4956-9d34-d3d4227649ca
1ffbf85634ec432f892eb81259e9a8c3	f2962e71-9ab1-4e40-9ac6-d0017279c299
2029e579aef346e7ba5147ae4e37defc	7b4fffbf-06b6-40a5-9f65-7189f001a7d3
204f0b9383664f5f869e4e43b3a07d2b	e0267581-3331-4d4f-9f40-c10e385c9b0f
20873b8d51d0444e9b2d43dc203aa316	f3590de1-af16-4b17-b4bb-01b508d0dc1e
210fead43c964fad94bc19f7a403fdc5	c7327de9-a9c4-4189-afcd-31cf42e13ac7
213eccc9c7834446838347f01c83409a	cf5d8f6e-7e06-4f61-bed6-874cacc1599c
2177254024d748b98a1a6c3694e98188	7ca44859-194c-4595-ab78-9af84b28b1a4
21d6c42b80054f98b372521c8513b914	49DD6877047E4C45B012FC646CB5FD30
22b3ba04607c4f5f914ba64896c926c2	83f92bbe-568c-4b3a-b4e6-af8ebfd0b413
22d989e35b274d049cc13a7eabee00c5	c7bcf956-8a01-47b7-8cea-67f9ed547d10
22dc15a80b534e469739bdbfb0558d69	043d30a2-2577-46fc-8fd1-d9da4b9909fa
230da59f760841769fd30a4270cd9eb0	dc1deb87-42c9-434f-9f33-f284c0926708
2336ddfdaed94ba78d4f524fd3dd60f8	cf3f900f-d921-40ff-a9ea-05cb9a8d380d
240a1edbc1cc4861838d6f763089b9df	9b38cef0-c529-4a44-93d2-ebd160ca25ed
2421728d79034ef7b552ec6bc86b9bd1	b2437ec3-32bc-4dec-8dc8-2b16437cbb30
24a37d25a6974192a33fd4bb5622b50b	594aa169-1cb8-422c-88dc-c6b7507fa2ce
252e6c7edeae46089b29c742e01abfb0	aa4dbd1a-2c3d-4d6a-a52a-16356099e9e6
25a266b5a0124c5ea8d4dd2c20ece073	e4fcb7b1-c262-49c6-8633-29b88396df45
25ae91ac93e44f2881e37a915c02c5e5	7fb49961-7ecc-44b7-8386-838742994282
25e7176bdd444d778415f5c33bf87c82	f2877b04-e7a4-48ea-b0d4-596215610538
2649d06edd3b41af8e0ab7a4971a7160	d46866c2-66d4-44e9-b6d6-d46b3dc502e7
26d86c16ce8d47198c43a46191ded344	b3b90bf3-cd9a-4683-b68a-830d8faf9eb9
271371bab27c46c782bb3998c2c4b78a	d5dfabe0-ab48-41da-8407-f79e7c2d6a63
27e7a26bf3584298af5d8104759afcee	3e252b90-5dc3-4b96-b163-a789a865f3ca
2804845198fd45d382bbd96ec1b8d8b5	1896a20b-81cb-434c-babb-7e389f50613d
2855ada749ab44ac981beb1681e41838	5252fb82-847c-47b7-a25c-449d6b7f0a68
29065225ba4e4a38be38d69b5a8b4e27	e916d181-a991-44ce-9555-6831c83f77bc
2907810a31744097905a4f5202f1663d	388d3c25-ddac-4fee-8bee-135b575733b2
29233b8f867547d3b7cbc518cb0ae2bb	3dbe951f-d73f-4b23-8fb6-7562cb32ebcc
298953f0edab4f128390a83408907803	c130ccab-ac55-45d2-97a7-8496a6ddc5e1
2a1ea6e325d542e884ef1f5bde589817	865433b1-efbf-4977-a676-f553216a0232
2a47c1cd89ef45969cf725c0ed7431bc	b2d94b4b-86e6-4609-be29-3888a591324c
2a688ebee4854d939ce44895024cb538	033e41b1-1847-44aa-ab5c-b82a17b5b019
2a76721cb6384c1a8aab3bf5833a9e87	a29828dc-6a9f-4f65-b02c-9a9b9ab02ae2
2aad4c4eb8284ff7bb2fbaa20081b76b	83280b93-3f44-4dac-ba87-4dbec8dafbe3
2afddd17198f42dfae854b4034654ab3	d4abe486-af95-437d-ba9f-00934f6077a0
2c40c755f6024d6e90f313e168e43b59	01454e38-0c81-450b-9d99-cb587189778e
2c42fd93584946989e636b67812deeb6	23b9f59e-df82-4e78-9b3e-66800c67a31c
2ce4c4f0b427400cbd84e779ecd5ffdc	c99e4881-8a14-44eb-8148-9788f796d31c
2ce812f22c7a432eb12e286fb46e9e9b	77171704-76d6-412f-8892-e20dd724ad6e
2d9a1746e471407f9a0cfaa3edc69ef9	0acf0e2d-5df2-4f87-a23a-8b65057760ef
2da3ed28433e4cea85aa062d08299b4c	32c9451e-aa43-4e2d-b3e5-c994ddf8fc23
2eb83e9aeec24d6ebe4ca273cb449343	57BDD20D90174F1CB53D38C28670D536
2f1a8ae3eda148718fe3d71b3216626b	cbc1e8fc-0e71-44f7-abe9-b284bb17188b
2f8bce6582e348d5b6305f31eb038768	3c072a4c-d717-4139-b9ca-444190fd64a9
2fc4d64fb589411eafe215f2dd734b7b	e3d0aaa8-2d26-46f9-a517-1556098fde6f
3024776481674dfcb4049345d087a1e7	a3363b5c-8fa5-4b26-a870-187501903690
30419961108e4a18bc170f6d89307745	3b29329b-3d01-4355-b42b-b296895608bd
30a265f710b540b99d6ffa033d44555b	19f325a3-ed3b-4b38-bc42-1d39530415c2
318ae0344adc4e81abc60d0ace8e633f	a228c105-8198-425e-8f03-d3fecbba832b
3212a5aaa1e1405fb73b5795242e1f95	0e5f88f5-baa5-4016-af17-cc69fe34d815
32606622cc8d493e8ed03c3207db5430	eafeadb6-4dbf-4825-b850-0a4800789785
327586c69495475f85c824e7b992ff84	60ef5336-9707-4e0e-aec5-0b39b163eae0
32ddfa23c54a4b78b122a07ba82d96b7	885DEE31C32444AFB226A8B7AC1C5C8E
3316461bc0b943709b190492ca7fd5ff	54498dbd-664b-4719-aeb7-aacb0f8dc350
33d0d840e986409c8921db7f028ebcaa	e5257588-4b28-4d81-81a1-5ef1be6e3697
33d1475435fa4a3fb9fffeddacbbc37b	d70266d4-f8ac-4fb4-b375-de4bb3c39ef5
344b948ba72646e98ec74ab83238ac75	77d63286-4111-4cb2-b5ff-68a15e946f16
3462c65748e14f4f946c36cccb0581d7	f053cb32-8036-409b-9cfc-7e5726354ac3
34644dc2672b41fa9f93bbea7dbbd687	762d015c-ad05-426e-97df-dabf99553cc9
3477651c431346e8baee78d1a7fc3b17	f9593b04-35e4-4a4e-9d42-e57e59e3c944
35051107b0f3437e9fe257ac9289eb9f	665A5901ED0740F7939C5B9445588887
356406a7171e498e92750ac3b0a9d96a	549e4dd2-2b3c-4983-9788-c411b4fc1b70
35ac623e3bab4a13aedca24bbf132b1e	8cef1317-b1d4-4584-9517-232dbfb50cf3
35bd2c4e04294b28a99991d4f5c72ebe	024a8d83-71c0-48b9-ab81-80cd81bf899e
36188a20d3c94fcd8d7655e8b080a104	3b2ebc94-2299-4ced-94c7-8a287a7fa060
370a13d449a5426d8a6324dd09fe5d3d	3523e979-c1b5-4f56-bf6b-33091d49a671
373cada84ffb48ebae7ddb936fff4b14	6e8a790e-3261-4d3f-b81e-7e58152b034c
37953fde675f483c91863beced968eda	6e581143-cbaf-484b-a3f2-226d0074dc20
37ce8334cecf491b918e40e32429f4fc	758784fd-8ddd-4bcc-832a-3abb03fa8b97
3821739a3da843d5a32aa16e65158aba	5b8dc8ce-1d92-45f6-8cf5-7e8443785d96
3882d54b23ab4baf8c3b0b799848d943	f86f01b9-ef3f-4e9c-94e2-ca5873487b77
38f1929bb0084ffaa900e409189e76cf	ea63093d-0964-47b1-aa16-2549f66beb08
39c966ad02a6409993a9ada5b817cb92	1be64619-b73e-4df3-a281-55d84faed336
3a6e80bb29774d97889486e5b2f0b508	1c34f068-1fe9-4d8c-92b9-50ff79fb89d7
3b26838d03d849968dbd003594322d67	ab7969b6-1d43-4bd6-8b5f-343eeefd2376
3b5cb847213b498998d959aa23fed02f	859e6210-426e-4989-b63f-44cfb22d7501
3bc4828efeb846179d982e8ab866913d	11fa31d9-9c6b-4b8c-bd5c-7796d76bff86
3cc5fad263b8448aa66bed4921d99419	be984f8d-0d1a-4d31-b9d2-8b53f126a8a6
3cd8e627c8c0484abf351c4770a7eab0	97bac615-e26c-4d9c-ae62-7062c6770e23
3d0fdd3cb99e48a3b2070c2de6087347	b11ee2b3-de7c-436d-a1a2-c818268ddcb8
3d1cf50413af4c8c942591a6b9fa61eb	dee9aef3-ad37-4047-9055-2f4e38b556ba
3d53fee0f22941d08ea3cd7fbc5a586a	7cae5950-5d73-4b3e-a47e-e1e7600f28e2
3ddb1e48be5641558b00f08a9a0f1812	c758399b-a0ac-4379-87f5-3a9ae4570dcb
3e12c18f291e42b29bf98ad809f987df	7a099b27-6ce2-4fba-8e39-d175a1fded3a
3e51e8fbff42494089a7f4f91f9d43cb	87898130-054d-4ffb-8237-4b3858d25012
3ee3cff15dce450f845da022252580e8	a28b62f6-652b-4ccc-ab08-81833ba9f4c1
3f6dd32bef494c609dac3998b4925552	42aa00d0-bde7-4b59-8379-37f9e0e98f67
4004b2fb12d14f0297dc60f691995ace	7192ef97-d05c-4138-9485-ee89eb4d8212
4086e1375c534498b34f4e2ce7725ced	0ae48742-8ad1-47e2-9a33-077a4606e9be
415abec3846042a4a421ec229573ae84	b48d3cd5-f1ea-443a-b4ce-a4a01c0b9e7b
41dd2ab56199467da653605d885a48f4	7df78a0d-5661-4cb7-8494-6b68c7818396
41e86400bf6e47e08c44e667323d9536	d178e335-3e76-400e-9b21-e0a3e620ad26
41fe58f427ec4e75a489e7e54cf99f17	c95acdde-1278-41d3-a8f2-946d6b018827
421ead12760646f39facae4458c4ba0e	0b0cafd9-5b80-4a60-8afe-fc6900a4cbbf
423e2baa5dea4952b883ba0c9ab44ba8	171c7fee-8aa5-46e7-8d8d-62ae57fa170e
427d1331263b48229378b546242dd6fd	6f693fc3-8ce5-4dda-881c-e15b7369fa21
428cf1ee5d714e14bcadc986892d5b3b	ba695a99-6512-465e-9a06-ffcd61e2c1cb
42be716f89ad4929bb6c7c1381aebc9c	32323ad6-43cf-40ea-849e-01228acb8b5b
435cb1b076f74283a75538db7babcd87	a103f69b-d808-44f3-b427-e7604e7c7a9a
435d24ac010044e2a6308c4db28dc094	cc23472f-79d8-436a-be3c-3c57f1285703
44305df61a40475d8a7cb28db1d79f75	975b276e-8acf-4cb0-91ff-b089bda4d61a
4432c1f652c84f8490faa25d79f00f13	4b217fd4-c4aa-4e1f-adda-2590116153a9
44739ecd66d244e1861e006b4c57dfb3	ce2a5a61-d34a-4199-b3a2-bc9a99834b73
44a5af42d295424e88c40ecee8245142	B424C64E85EC43BAB5D4D6B6F2AFBA72
44d08f220405414cafa85cb927fd7b8b	7b0c6e4a-44e6-4b9c-b2b5-972e0bf4ab79
44db14c9e844434d94cd9955b8903ffa	45807415-6208-4892-87f9-25800571913f
44f44909f87d4d1081fd59b1b9a7d731	5e4a9259-aae0-4283-a8cc-55312ab18358
45f1db2b03c6443583f64a854a226760	ff25838f-ea9b-490c-9ec1-996e7cebee68
46ee5e19dd2a415c984827b4519d28c3	912720e2-5f6d-4c7b-9df7-4a36d14ebe16
472f99fb643947c6befdb6268a444b67	eada4086-5b3b-449f-80e9-1849e61c8b07
4762425c61ae46e08495d7f2c94062d8	1e536daf-f1d3-4abc-8661-82d58f516428
4828875423ed4650bc9fc8a98501fca1	b23b1189-3a22-4c40-b6b7-52bf6a7aff22
48a6c2b84f69407eab403426deef5df6	604e04ef-7018-43bd-84f4-6f3655f19daf
48d2229e7c7b4ffdbf86ff3b1ad113af	b7664ca8-2849-4727-af4f-523174d1da0a
496afe9701cf4794ac2a9c430f878e82	8a47d224-ab20-45f5-b7f2-13faf5782047
49c54aff144348a580b518b4701e447c	92428f68-1ad1-47a3-bd5d-731282683a01
4a677aa0e29743c99dfd67ebd201c929	ffa61fcb-6b92-426a-923b-9bc3c6775bca
4aaf6ee0257c4f268fef7638cbdca83a	c5095b96-9afd-4a78-b664-4db2e388823b
4adf4ed5528c4735b87effce5082cd76	c6c3a3bb-8e83-48c1-b9ec-1705c9ec73b1
4b38a1efb63a4277bf80adff00299873	382ba838-4469-44da-b27c-62f19d531b42
4bc10cbd09374d7ea8b8dec7bb9dfdc1	ad80b76b-3e5d-4265-ab55-c64c3255c868
4c0fd29768714c728ebe03531e83f012	29e99de3-51c8-4dea-81f5-9856c665f191
4c342f0807364012b5f99311dd09d4cf	48321f99-6746-4d19-8293-3ecab7d86e3e
4d03ce51a61744b5bcce8a162b2782fa	46be4121-d101-496b-93d5-4802af337a5d
4d1f19a2825d40b0a9504a7fce8204d9	49eda36f-33fb-4db7-9054-900f4e1a6e32
4dd5f753a2ac406791065d2f6c578068	7afc3d26-62d6-4f01-8380-b6774fc510db
4de27b003f8445beab491e5843ab4130	a029083a-ac58-47be-b635-45948090a989
4e766c83d25d49649081ccf928493e12	a2cc2bdc-c81a-4f73-97e8-f2518f78530c
4efb57d38bd54635872f37ee0d593735	5001da80-37f4-4496-8e88-7e83c3f74864
4f00a32954ff48a293e866f1fe078ab6	90d68b0d-5c64-4886-844b-d73a0bbcd6be
50053ca2baac451bbbea22cbc7ed7131	fdbd72fe-e4ed-4e5a-b24a-570ae06572ed
50382724742e4b1fb45691cd137c5c83	baa26650-f237-41e0-8620-ceeb36848c1b
507b320450e5482f8f25f7c497cd766e	24c79720-3688-4d57-be26-9bfce8956690
50899b0980134e7581dcf27e7f3e227a	88eb42ea-bfd2-43dc-a8e6-d3a04c6f84a1
50db68db271745179433d8e6ead0b541	f422fd7b-d30a-487d-8410-5bd5cc2e8951
5145b5c92fb243ea9f49db31be87e648	a6fc3063-7426-41df-a618-65c13428a4cc
51b4b030c46b499c86fd93e9b410dfe8	0ca58fe1-d960-4f56-9601-2f4d5af40118
51b9eb9752f14503aefb580d09f325cb	0b0fd12f-89a4-491b-b3cd-06bb6f9268cb
51ce429d249a41d18e821e90b3ee1668	a8eee811-b432-44da-ba2e-a6037bf3cc57
52542fde552b4392ad3dcfa2366ca248	fe528d05-aa22-4164-85f5-6867e7c1d555
52a62e3308334575a7441d0b5d9473a2	9c6e77ea-b904-4c1b-83a8-4d51742679d9
53b36c765f2e4b30896b01acf9ee4225	0f79085b-5bc9-4a9c-b8ce-65cfde27c50a
53bc1ac3966b4c83aafa4577c0def0ea	dc4026cc-8532-4c94-bf21-c39a73622b4a
53bd0a774c3240cb9e3140f01ec5dfed	a86c2967-bb47-478a-918a-703069ff1eb8
53d4dbd2d69445098dc2a32d70ca87f9	9e5c3fdf-e5f3-49ad-a209-40d93508bfc2
53e4a79e1368466c8e33fd5d64d91dcc	89380783-84bc-4060-9cec-2207e86a70a4
542159cb2a1242e8987035b247f2a82d	a024ef7c-1434-41f6-8506-9dc023e847be
54b6578332194db987369569f0f21b34	3ffb9ad8-e3cc-4a33-bc60-71237dbc4b3b
54b9b0ba59774f6aa2fa86fb6c15ff6e	8e719283-9ebf-4197-8897-0d72ef5cb7e2
5530310460254a3c85c2899bbfb6ca0c	e0c847d3-f874-42f1-b6eb-0cbb589ba287
55cd7b99a0c347a98bba8965d2df22f5	5dc57976-67e9-45ec-ba85-5c59f18aa71f
5644289c50bc496db21779242e53f124	15f88a98-61a4-442e-8b21-64c4fa0aff84
568c5448e26040a392954ee6cd4ac3a7	8239c277-76fc-4ff6-a0fa-92c756aca511
56e7e698fde54205b31b21f160801e90	39e8c01c-d909-498e-87c3-72de8c8ce83a
57019063e9274c55a34f80cfd56bead3	019786dd-59fc-4710-bce6-6c2e7303b1c8
571d9d2979d049e1a7f4df2e03220a5d	2c0f2253-b593-459a-999c-ece0ea954b84
575502818f004325b545ca1d5f48e989	9f8727b8-fa58-41bc-ad45-ad25bb1ebb43
57c7f96a2bbc4f13b268893ccd8b4292	3dbc238a-f5e3-49fb-8357-ca0ebc390440
586a98c6614b44cda8f3d252fca92138	93fa6f38-032f-48b2-808a-4140a52b76a2
59363fda5c0b4e02b6fc62bfb6a9601e	9ac2781c-e39f-491d-94b5-3ca0d74da093
593e83d6e8a3403690a875c84ab9ae69	fa2f3081-bdf2-4734-b25e-35e5de15286a
5999ab3220864ef28c02c5f45966858e	8ab232e6-341a-46ad-b835-97d002b14a96
5ad2f2a7e51546e49b54f21dc2a54eb6	deb4e85f-2e65-41f2-be99-9fc5883582a2
5af07593fa714d3c8654980f15ddef0e	d53d8855-d91e-4765-a06b-dd3bdcd7f9d8
5b437bd856c840f4bf1487ee5105950a	8b6f6029-0506-4941-b4fc-827de88ebb28
5b4610c756a248b68149d4ade427a583	086b8045-1c04-47bd-9d2e-c76459af4311
5b4c59bfed214dde92fc75b55bef24b1	b3468dd0-d1f1-4c11-a7fe-e4a93464a2f4
5c04e54836a34b9dbd347abd37128836	6927c512-33d0-4c69-b4cc-ffbaf1bbea7a
5c09292280b94a8993f3ca741b77f7b5	ddc416c3-8b37-4baa-981b-9657e239ea7e
5d18a841364a4fedb0783cd717127f5d	164dce11-7b03-487b-addc-b98f5dcce4be
5d972d1f1ec643cc922f2c85c3604182	ffd37a78-4c71-4c09-81f6-338ddd95105f
5ebea5af707e49c59ea070ecfcf85bf9	a93face9-d6dc-48b6-97c5-371037377497
5f01f7a4c40749138c8223267975ad8c	fa915973-94ee-4bc8-8c12-27435970bdef
5f24e9f5bbaf405983c41515273f88b1	40e1c9df-61f1-4090-9d8e-1e1e1265959c
5f5c69f46c024c8b83144edd01e81f16	00b0f941-5e93-49c1-b6b8-f2261fe205bb
5fb2668a9b664c98bfc073e4e217744b	2fc0eeb9-c3ab-4552-b583-06daaba21d0c
60048263fe0a4dd9a969ae6f64b7bb8b	317efc24-f3a9-460b-8b69-7f78a295ff2e
600f310657fc492eb20cd745a4ff8f09	90993e2d-e5b7-4d3c-b537-f82a4dba79a0
601b958c6cad43a580e4ed30f6f58da7	c82c201e-7332-443e-a906-06d42fa18e52
6027cc748e1b4e41afefd58cfc39c134	330e814c-0b15-4d02-99d8-1b99295ea1b6
606e98d81c0747ca92c22f5226623c4c	1a1b169c-ea68-4d56-a1f4-165f4ac1551d
60844c9b45284ea48eabe3d36ba6471c	00278b62-86e9-497c-99e2-75e4d3479ee7
60dc8e7c025e4fd293d576104fcb5251	7bfab661-d94e-4387-ac28-a3ac6a4ff863
6133fc6028eb4ffa8e954e96f93c3b0f	9bae8501-46ca-4571-befd-b3bd146c120b
6140c7e90bd640e8861258a7c44d74f1	5052a219-6de3-42d3-a77d-92479d9f825b
61a3cc267ec9412ebafd47ed250b4f03	06B193C4BA4C4DD491DC46AF5227A5FE
61f6058244084f568fc2d830522905fa	f2049367-3dad-4104-ac8e-f1ea5095d026
62597e7b80304a58b47bb0d5653492c1	2eeb56fd-8f1a-435b-8634-63b3cca746b0
628e898d50c3421d9f07ee4723fff5a6	12d77406-3b8c-4595-af51-443c5dce068f
62900c0231f94ae3ac0a2ac7243ff450	e20a0bff-4a73-43e7-8056-51798b36a9ba
62dcbe136ae34d4f87e1c41531823ac0	50ef90e9-86e7-4844-84b7-118d493510b5
62f2d05d05784fb2bed299a19fc8e7f2	dc25bd3a-0ec5-4c25-a099-462596449646
637d55ee4c834a15af1fab337fc9a543	c910df77-e386-4d6c-9dcf-269e9a76fff0
63b3755a63cb4f099c4e2dca29f328f3	66f5726f-377b-41f9-9357-3a25262cfe06
63fb2ee3c7dd4430ae3bb00509e4a5a8	20e0ed74-c0e8-481b-ae6b-dcc2a15a8bb4
64436db7e2a445d9b9916c329d554126	9424128f-b9a9-4f1f-a735-8ad002d92411
64a2709b7dbd4b0eb806b60e56f53d95	09b5bbbd-c32c-4c0e-aa02-2de257ae1554
64eb8959b7b3428f95c1aa98c3a9e7e4	41fb0139-128f-4c69-87fe-ffe4a003fef1
651b3b3b33b9449495916a0044e2ffe7	00d80c55-4121-4f62-817b-518ee263d2c4
6551744e234c4197ad6a48da461b7146	9c228f85-0b58-4bdb-ac45-872c260a71d4
6568905503d048f4b50426be2f832ac8	41b3cd19-78d9-411e-95bf-f0cdfcb5aa39
667f1637ae774d93b79ceee321f5bf70	30ad1a78-d40a-433b-8bc2-d036e88ab4ee
669ce45fb372479f9f21a9eccf568c8f	2cc61245-f970-4c0e-bb36-4378ed95fb22
66d26fd4f18245b3b5f4cf9b2078bee9	1a97153b-0f3d-4dea-88a8-53ba9bff67ac
67bae71a7bce44a89bcf4f6099996f90	cb229e81-5266-479f-be4a-db97dc92c659
67c8d1b1c17e4127adafa2234ed457fe	a5dfaa30-25fb-4013-ab18-52a615bbf681
67d0210b3228448e896469945ce9fe63	fe180e4b-bc3a-4c63-8824-d204167e3f75
67f13ccff409436f8e9aa762cfddeeaa	2583b18f-5ba4-4943-880f-7fad84ffee50
6806b754fc654c77b35d0f502b5d3e09	3475c2ca-c9ce-4f32-99c5-b6a35e6341c8
68673ec6c3d44ac7b34df63f2ed75293	17f0b2f4-2452-4ef9-99b2-93bb0eac4dab
6905e0c847774069ab5badb1e7a10101	ad707e68-3ca4-4883-80e1-76c3cad3c1fc
69099d98b17849409001e4ae235c022f	069c5b09-7d52-4ebc-a47c-560540ca6279
69c429e9324c48f18e63020f13d9b9d5	24260be1-9815-4588-b21e-bcd3ce1a14c7
69e23c338ed34fb9a9caa1e160992acf	ac63d646-2d2b-4fba-bd4d-4408d8ad2991
6aa83c16c75f4973b2764e5efe006f88	9d7b8c6c-6138-4e04-8050-a066d805c097
6ae4d045b6d14d6fb5741aced6113dc3	bd2b0925-aa9c-46ef-8519-5a69a4b28a55
6b1c6654a87143e99b2cad7c5b692532	DCF81D088DAC40379B26B2F1BB8E5B26
6b3cd2b2e02b426cb9be15bb644a76bc	4D081CA762214A13A07AA460D326A933
6b5ba9d5b80a4c7fb431a01482e01ac3	3988f627-8c7c-4e45-b39d-fc23d7eb8f12
6b8bafdc487d4b82a69c413eec415b55	0e99ec99-1806-40c1-972d-07fe89491c7e
6c97a0e1c27f4add868315c50e161094	822c2946-1509-42ed-996e-5b83d95883ab
6cb1b888c8b549e8a269fdc355136a7d	17b02940-d483-4d44-ac0c-7e2c2ce711b6
6cf7528105054cab8b30f26dd782c29d	aedcd164-ff49-4cd1-aebf-5c2baf897c64
6d523b5c04404f5ea4b85a06c8e4813f	bdc00b19-a0d6-4ab8-a788-685fa7cfaa5b
6e5611628ed54e5e84d319071d4950ea	3fa1e27e-a5de-4e35-8997-abb9deb47cbe
6e5853506c6644149f88444424e61b42	e8317c79-e02b-4ddc-836e-7be4e6a856e2
6f02df657ebc480d9b104bdf666845d0	7d223c34-430a-43eb-ab31-93d48e3b02bd
6f11611ec1274140ab9df8a3031c9b23	03fccf72-1f2d-4a33-a024-492ff4165dee
7007284d9b0243a4b2d6268f73943509	5cd73dc0-669c-47c1-a1a6-b32dc8190ac3
707f8b68bf8d40c38382ba0698c70231	a6c974dd-5be9-475a-9626-a330eda93b39
715eb32da92c401a8714e1cc406188d4	206fee42-c889-40b9-a6e8-27f10b0debe7
7188a26031614164816c0ca25ed7473a	013ac030-8e84-4082-b878-78fa4cc0dba3
71913ef3f6d14c6b8d31311e26580e95	81b0f9fe-e271-411e-83e0-567453ac14ce
721790fa8a0a46f2ba7263265e43fbe6	bb63602d-f4f8-4318-8ade-c27678b54cbe
72decce83dfc4dc1b3d225d91675b78f	cccea9d6-e594-4e94-835b-b4e4969e0ce0
72f406dc6bc54fc39b5f5f91254558cd	927c3cbd-5c3c-47bd-80b8-4b9fd411e23c
736324e16ead401192a8881a4d8bd643	73e2525e-0c02-457e-9132-c55ec719d46f
7371882331a24f93b6703afded1f55f6	3637f81e-f888-4c29-a944-a7e22d264a98
737c5a0b11d442f793fb0d6c6e508d1e	94ddff1a-c187-4ddf-b046-bebdf567faca
73c8d121d71e4375a0bbb65f1f1dc0f5	0a691d40-4917-4608-b0e4-62253b091187
740a78b8bf244e79b7119d87421022ae	596ffcb5-dc3f-47b8-9bb3-0add198224ca
7426be60cb7b454ca33027531d1e5c7f	6944b2ae-70fd-4c32-b339-a0207694c1b3
74562ffca99f465eaad7bc8c9630f3c4	5420f1f7-9ae2-4aeb-a000-fb78262c8950
751f660cd70b453088b975f415ad60c7	12230e95-0aec-42b9-96b1-757592a89957
7550e2ce756c4f058566ff3964eb7204	ecc8ef94-d8a6-4a61-a7aa-d52284786ab4
7613b990dedb46bfa207fbe9d14bff1e	95de9da9-3738-4d5e-b1a0-06082b2aa6fc
7671155259f846dc9ec1ee5cbc792e80	4fc3300b-ebe6-4353-88a0-4b5cd5ac726e
7689c92137b245f69a05ca4ca23ca7a1	aa22d3d7-4630-45c3-89f9-b17f4339c3c6
770cc1925749478d8acff50934a7d046	ab22a2d4-5112-4b96-8bfb-7886fb46e81e
77167cd853d548048ec021ab51f72053	0b0eba9d-5ab5-498a-b9ea-f24742e3cec4
77631972a6514ec68881bdf8e2ab23d7	13f8227b-2713-462e-adec-21694bb5e371
77914f80ec5b4bf3ae2a23ff83daff8f	d2f433e3-b6d4-40c8-a4f6-d03644d8e9d4
77a725aeaf994553b100493f980538b2	17454f8b-8405-4a2c-a20f-92458e11b956
77afdfdd74f04c1fad71bdd2dd0bd90e	22993600-9e91-48a3-96a3-22846e19a2ed
7813c4a8680c4c429665ec4cd5c93c9d	976F9501D09B46A69065D0FC4D56E2EC
785e77b7fc034bb1b1cc29389b10b873	0ceb88c1-9d52-4c98-abf7-1ce2da4e1f27
786fe73ff33c433ba71622774f68bf07	aada2764-f0ab-4681-b6fe-464fd7fac5ee
7870fd16dc4448e8bfb17086f9f70a46	502ce8e7-b0a3-40dd-aa73-9803087f3af5
78e3d9c2e9f64120948e6fce872140f6	28618d9a-4a9d-4484-bbe2-e502fa04d142
791499b8f8574ac796a544ed69e5cc1d	8d6ae890-f7de-4f07-9aec-3b8601fb71c2
796c37e93dc94e97b9e3ecfd3f5c04e9	3128edcc-5d2d-49aa-aa2f-7f582d550a8f
7ac4aa0f2d3d4075a4e287d4476ec828	a417ec69-184b-496c-8f4e-5e8d19618b45
7af69f053f9c43fda0f2d9447f296143	5c97c060-ff30-49ae-b823-c153d5725a7c
7b549b46d98040239b67f426447425f7	6b3a3c79-cc82-4bdb-9e7e-df0b2de518f8
7b810eb717834411bed8556e052c9da2	b855adc7-7e98-48fc-bfeb-e46a5b1a4424
7beb21036d9144b290cc2111fce31f0b	b6d7432c-7638-4d1b-9720-685c51f28518
7bf0e981b49345d29b61f4ce4f5b01c7	a9dcf7d3-7e87-497d-b384-55035ab068a0
7c3dd76a603f4840864736095f352cff	4cc7f168-c76e-4cb6-bc91-f213a64d9c70
7c506003a3f045528f6371fd46b3b45a	98945632-6604-4021-ae1c-117b63e2640b
7c989ccb1eec44ebabbb292dd3a5bce4	b7ada5fb-3c06-474d-8841-98c3b99c7557
7d53efe176b442e0a2c0a23d6fd9155f	c6cb7377-7563-4cad-aa5a-a7b26544ae04
7d5db8a1d9874aa2bcfe88eecb40f0f6	1a074a83-7845-4f1b-8c1a-2af1c861437b
7d7ac8f1fe1c4731bcdf51b29785375d	2db45e00-4b7e-4700-bd0e-d5eeb9835c9a
7d8fb0e55ad045a692f05a55ff9a42b1	be17c1d1-4645-4255-ad6e-c671773c8e89
7d94ec6b838d4f2f842ba6dd7de982c1	e85c8183-aac4-4d5f-beb6-ae541be1ee4f
7dcfc0ce0f6c48a08cae2e9c2b276c70	b3eb4083-d335-48ad-b292-f0f1caf82e2d
7df4aea97fdb4cfa91bbd93fcb5a17c7	f24a8e0e-13bd-4f70-abfb-6dca5d9f7361
7e0e9ef038f343aba880faa94f3354ca	264c409a-54a3-4b10-8b3c-c2926b5442c5
7ea2a42ceddc4775beeafc94965faa97	8c11c4a4-d92d-4987-b03a-1a15a3181bbd
7f26e7d59a814b0cb3c97e4c1ded0e6e	3000bd5e-e71f-4280-b0a1-37d11303ac12
7f8560cce93c422b98b23ff643f9b4ea	5ae4a6dc-8a16-4b90-a239-4ace100a46aa
7f8825a688cf4c859e9ae60cde723819	1eadb786-32f5-4af6-8a6f-ba5aa458b69d
7fbcd684fc7240e0987a5ef1512a9fd8	856ff1a2-9150-40e2-9d5a-a8b816c82e82
7fd8bdbdc9a84739a73a2b1d7d4be6be	0fc2b137-0c92-4a8d-917d-7a200a6b257d
81a482fdbb4a4450bc7fc8a2734ac504	d4105327-0d9b-4967-be3f-473c0b8cb4b4
81c2223b22ee409c9109fd4e56825afa	d30e69f1-18be-4b34-bfc1-26f573779736
82f06a2d6e5d4e02a32bda478e4bc994	37e82e37-30c9-4aeb-9b99-747f96aaad45
831739f1c4b4445eb94bc8e4d88cf17d	baf8a4ec-8546-461c-a67d-b5b038e2cc1a
832f288c0d244e319a0ad8c80689b1e7	a4526fb0-f661-463c-8070-d7d92122bf74
83d4ab3890924edcb8dc8ae3985451e1	634a264f-865e-487c-b155-2cc0b85f7a11
83e869ac404848f8b20cc338514d7311	552ccbec-d2af-4615-baf5-d98c50a35584
83ec6d4da4fd4793afeaa13b74c63cab	95a95d73-e0e6-4d14-b259-09c9cb888d4c
840ce8404a1f4a6da316cb18856cfee4	0e195438-6867-4067-a2db-8e12af8b6637
841e3fe740854a139c04d05ddbc121a6	4066769d-c1e8-44a6-b776-cfc4dce754e6
842008d9234c4ad3af492956b402dd23	8342cfde-9646-42fc-981d-f55fae294be3
84405b40f7e14f6c8164a15c49dea82d	6ae812b6-cbff-4ab6-9e53-0dd75fc0c3b2
8457e97dd96e44b3b1937e08faed0b52	589b6f33-7915-48dc-ae33-180e35cd31ed
84dd657cca774b4aa6094ab2d10f2720	c8351840-85f2-4af8-b09d-827f18b05acc
860bb4ba9ca348e28cdd790da048f497	dd302e05-db84-4988-a369-58bdbc759a99
8637b05358244de58181b88abe7ba31b	4c62ce7b78e246aa89afb239f541098b
863abe27cfd24b4ca505580fe78c60e7	1a32ab80-0ff5-4fd7-9a25-a86cd9a0043a
87454881012749928f23adf63262eb2f	b777c3f8-3fe3-45fa-bce8-8377c5be7264
874e9d9c38a54479879544232c0d3f0a	9c2957c7-1a3e-458a-9fac-1739fa0ee604
877aff1306904ec69dfce1d24024dd39	c4ec8274-fd39-4290-bfbb-34c0907958bb
878d23c8fc1a4d759c9c3d329324e588	d0cd8e58-3bca-4ab3-b3b0-4757f1ee1862
88272d11e551496fbcc2b2ba62bf1c98	a2c55760-6ef3-43f0-8c0d-47a6e6fe02c5
882771b7c368472182ac8b9d3a60cda3	626d47fa-3529-43fa-ba2f-06f5b5f19149
88404f2d46c84319a5c4481ef9351435	f551548a-d00c-4733-9627-45de8ede01c1
8865605984b54ffbb8ef5a794f22f325	d43bdecb-4e63-40ba-b3e2-636e7599c8fa
88bf7abcc0ad49d689856303dad9dd6a	029af8b8-f7bd-4445-b206-479d0064bfd8
891af42c9eb94bd090bbb25f17579ec3	7d957265-1aef-4142-a5c8-2c2fc0346c87
89ae3dbbe1474561a9b47a2c78a1019d	1b6772e0-3d5c-4cef-bb18-07970e4b5f75
8ae5a48e00e54186b19ece79c335049a	414e247e-4567-44d1-93ea-535c7098fa94
8bac50298dee41c3ad7b6f11061fa80e	681c8c58-9cd9-453e-b780-066751abd354
8be387f0553c463eb3185c0957c671a2	7587aa24-b7ad-428d-953f-4c05def5f4a9
8c0f6eff058e4e8e88211160c64159fd	b44168d1-1e43-4602-82da-98e1edbbda41
8c7d709831174b79b3e66b1ce6a6ba93	adaf257f-1ca2-4180-b716-a3094bc9ab99
8c90f79856a445a880fab180859fbf20	2c07f00a-c2b0-4a91-a150-f3ff3c378d9c
8cf6fc6e219c4cd987db27b928ddc7cf	6e080b5c-92cd-404b-b6f3-bc70f7835cf8
8d0626ef0b1a4d52befc98dd7c1c139e	78027393-5dbe-4d4d-b22e-15197c34f90c
8d1965da77034b35aabdda9152719525	7329a31d-f7e9-46f0-8189-442371c32bd7
8d3f13a536b5429b8a0c62fee8d38b5a	6ae9d208-2c17-4bb1-b77b-da3c169a3fb8
8d7fc0135b00474a9e85ed44282a756f	04f27c92-1d1a-4999-ade9-984a140a1913
8ebaf27d7e90458792bc061b2fa8d067	66e0027e-b300-4266-8b10-2f62a85845ad
900c6ba14a994a54bcbd7ad1b3cf46d0	cc795865-9069-4c14-b618-160ff50cebab
90106d8017d04055b0a33d61c6437aa1	19065134-845b-46b8-b399-015fe2c158eb
901ae0c6590342d096f78710db013a87	0ae47cf1-7f12-4e22-a327-3610e1d321ca
9086e88763cb41ebbb698d581ad698c7	20fada6a-f57c-4414-ac8f-2b219b2aaa1a
90b532fb85b74e5dbbde067bfd9b26ca	66597492-f4d0-4905-a20b-a87e9ddda6af
90f73ed516a54115b7b32360f9ddfaf2	050ef204-5e5d-4338-a1c3-9352296dd45a
922eba0d6ed4492bb3f9ed619622bb45	82E19251ABE44CEAB34BE7F8016B3EDB
923c4f03c4cc4b1791a2f31691491cb8	013a5a9b-4746-4cd7-9441-20121b3290a1
9256841d4d9c4612af7b76028447f29f	11d52d7b-c7ca-4b0a-85b0-410be9287d62
9269834f4b7d4844935d56966c4f3385	078da947-c061-4363-9f9a-9d49c8dd809f
9294c1e52e4b47c2be7889971d00b1d9	b1c4219a-f2e4-4144-8923-9010f6e95b65
92d1bdabc4854cfb9e3547af6283eca9	6d546c9a-aaf0-442e-8f09-f395218f2cc1
92f2e2b00140498f9d8cb5bdd6cb422b	3bb03e2b-5866-4e3c-beed-c56fd3a89ce5
92f71a274eab4d419d55f1aea1e88e00	ae0dc91e-6587-423e-a640-2b9a5d8959cf
9328ab046bb9421991e5cd4f49a0d8d9	090c9f0b-2873-4d36-a413-04eb63e0d1d7
9350ac7816574cce9e70485ac35ef854	ead71745-8471-4c52-9eaf-ae65e0eb4e16
93ad9ace3dda4c6f8839ed351657c10a	de42e206-a386-45dc-8e5c-3e408a91ac31
93cf4359a15e4ed7b51395af77836aba	1f229c03-f9af-4b54-a10d-8d0cd002c9e2
942049790fb84d019fbcdff6b2d1831b	dc024449-9984-4ca6-88b1-a0c9d2e71e25
9450667796424284bacdc1eefa8d58e8	abdba441-86ba-4cbb-bbe6-77bee8bd23e5
9469ced6722a413dbb9380925468366f	7ad35409-b372-4d62-bf1e-88ea25b9ec70
9488c837395c48d89f33c2a5dedddb7c	14b27d04-0e63-437b-9843-50785782daf3
94f890791d234c619d6a8f132daf81d3	502c03a6-c285-45da-a0ac-f47c161f1310
9592783de7064818902e5fc0cb5ed54c	939c2817-a98a-4c0e-a69f-5abac4f668c3
95949f81531745779b9deff09fa0f9ef	fbced438-0b02-4058-b460-a27914a3b720
95ded7ef109e4f6f85f52287ddf3d4f4	5ef0a05f-4b59-4d79-96aa-ff774c113d91
962487ee521346dc9e63935274521558	840d82a3-8c05-434e-a319-98e242997a4f
963d2ef69dd446549d3a58a212d7400b	538286D5D3BC4C4FA45CDFCBAA0B48BC
964f8cb6fd374b59bf16f88977f61158	170ddd45-6eb4-44f8-aa74-da4267511243
966660182c344495a45ea03543d840d3	067b457d-0b8a-4e39-b51e-1cc245dd5225
9675a914d7844e86bf48affa5034a664	644b5b1c-1069-40bd-b367-b4c5134a80ab
9678b6a047f04be1b0ab867ac4a03f1b	7752dcfe-20e5-414b-b23e-d2fa3a8fcce4
96ad4558361545a3bd8dc9e9e1c78ee1	04e22784-813c-4852-82ec-62192f2e25af
96b9668639864599b25891efb3e54858	47a26a4c-ec05-4c74-b7e0-7a0e2223a04d
977a7dfa2e284c3abe86ce4be4a80f79	a95990d2-5e4a-4e57-bd6f-5ecdd3a1face
9786f0589e7c4c3d80a2cc7f4d1c3966	750ce883-9f53-44b1-8ead-2f731b9fb578
97bb81d4cb894690a659912d0c606d98	4f376316-c82a-4733-9d2e-44a0d0b75b7b
97ec01962e674cb2aa13d85a335d7980	f894f50e-8c68-4179-9263-f1062f0ad2cd
983f928216f14eca9184035fe85bb5f3	4c507b42-4cfe-42da-9497-217aa337d991
988e5d6f458a4e948cce696cdca00bc0	1c345ea9-701b-42f7-8729-93c199e42c6e
989cab25969d4590832b1f4730da2285	ed116780-c56f-466f-97f1-cc71cc31da78
98ad238fa31b46168e26a4948153a5b7	cdbf117b-2e6d-4af7-a45f-21196828dca9
98c25479a20743e79d53496b0c249bca	4bcd190f-3431-44bd-b62d-39a2b1bea510
9911cd948d5c40609de770095f2c48d0	cd133dc8-35cf-4235-84b1-5a913ee62ab5
999270c4839a49bab3feafdfe61a0357	5fd013cf-b192-450b-b1c0-982462a47d84
99c735e9fb8444f3b69a8f0ed6726f96	049b6b00-f8de-4394-832d-e2c7bbe31484
9afe6d1d3c6b4faa97ac1ffe46feae73	62ec9a08-cc98-4611-b8a4-83d05aee9306
9b324661b3c34c529d602967e66bebdf	617ff8b8-8cf8-4a32-9818-6d10b3196e69
9bafeecd4cb84e86b17adf2e9ca667ad	e91cb5c1-141e-45ae-865e-f4b5404edb4a
9bbf467f9a654539af859084d315b722	71c3d935-8043-426b-8a4c-73c4ffd35f14
9c92f7add8f14a63a8b36208246eefbe	17f633a0-38ab-4e27-83b3-2d08dadb357f
9cfafff7b9f0407cb19af1c2456c93c2	c49177b0-35d9-475b-9e45-452b68b78174
9d35936943a24e52a99a758c0dcb8a2d	fa778603-d056-4672-a100-7235b9e560c3
9dfff13d6e664b53b2bb5475a6e2100f	BED64006601347D488FD504A476615AE
9e4d8acd05524b82a90251ddb13cc3e7	96db0cbc-772b-48dd-84be-de99d45c7019
9e76fb56a92644fdabd0a092f8ec577a	77eb5564-cdd6-4256-b99c-97bbd22e6f63
9e8cc2ab46064d309ab4b6e188cc492e	B637ED51549F4A328E586D05BCE65DB0
9e941a3b1fc44ca49600e614d369f635	53000055-7a4f-48cd-8a69-1f40cf53c939
9f1ff8531e084fc8929b39c6e2ac395c	4482d3c9-e4b2-4dfd-b65e-ec1d6fe595ae
9f7c2af2428d43858ad12458ae4a30fa	7a7a4c44-18b3-4f60-818a-09ecbeabdddc
9f8eb8ec812a4856ab4aeee7885afd30	683c00e5-2e49-435e-ab7d-7a500d4d752b
9fc0d8e30d764ebe82b2a2232334a5be	f092f3fc-08d2-40a9-bc20-bcc808d7f0ec
9fcda6b5541b435eac2abc476888c790	b6c9af48-f02c-4ac9-97bb-1d22d4c44ad7
9fde8cf077e940e8bfcd30610bc8cb62	9b18c76a-7969-456f-88fa-dc61d0f2683b
a0472bf86321490e8311e438a8d5aafd	b782730b-5336-4a2f-9f6d-5c95dc3f3ee1
a0c795eab3424beca2e4d1a9de2a01fd	f34631d2-4c36-4fab-b587-aed69435cc65
a0cc3b99f78e4407b3689b1f729eddd2	2e561620-5dcd-40a5-b7e6-1d2bdc499181
a0cea2855cbc4e21933dfd45492ec1b2	ba787774-d509-412d-a7fb-eaf986101a8d
a15ac46816424b93a9b794f976c0ebe8	42423e0b-04db-4231-bcb9-7ada8eae5d4e
a17f38aa7d47417181efd8c02376e41a	0a80ca86-6196-4df2-aa6d-2adf2f90038a
a21f05aca2e848298ee28534af1889f8	601f29d7-04b7-456e-a7fe-826beef7deca
a262af14e24c41808dea06abdb0af66d	3a1e8d0a-5d16-4f97-bc36-268db66a28bd
a2b9da73e2634296978f939df76ae9a3	c416f87e-2b72-419b-873a-126e22777a80
a2c82b347412476ab18290ee8dfa6b9e	cb1f1bbb-9a12-412d-8556-d3263224646a
a31f8027a10848d094711094a507f05c	f4845d10-9122-4be5-bd1f-97e63ae4b50a
a3a8ceb19b284958b5ba2f0b5b18bd7f	b301672a-e193-42c7-af88-323535ec3a1e
a400adb6468d4b69b122d6947e409710	85d51859-0226-4d8a-8080-e77d82ad0a22
a434cc7457e744beb7ea0eb9b2a735df	06afaffc-5b5f-43a2-8cbf-b54e86e0fa38
a4378cd7a325439888838e67a4a261aa	45b51012-3bc3-4253-8d37-d5a864f47325
a4c459eb6269428abae6789bb13712b0	c96af4d9-806e-4826-b14d-6e4620edac27
a50306b8961d4c22bb4c6abcaf5f456f	39e70b22-0b2e-4085-bd92-9def4a64fbef
a54a55c9011f436bb037f536e1bfe57e	3e492317-27c9-42b7-93d5-17a401c00ccb
a577ed869754428ea8df579baf8a5543	9a731e8f-14f8-4ac9-9c75-09d16b32fae3
a5918f601ee2453188e8185a00d65ca9	7efe784d-7741-4f7a-9afd-a5af5b061eed
a5e83de9d3cf467ab0d0522be0cf2876	f06ea27a-7708-4f25-a771-6a039864bebe
a63972ddfc6041858ffd97ad81d2bf6b	be026b62-4112-40b2-a2be-2354881c469a
a639c73e102b49e89fe368ce6952e8e4	55b91ad0-ac7f-4c6b-9895-b6336b0fc0d5
a647b56038534c2483e3fc51571ec244	a4eb70d7-f6dd-43c6-b9a6-34ac544289e6
a6bbbd90fe934c6babcb015a001d5026	b8b46246-0733-47ec-9667-60d9197ea443
a6c47bc0cca04149b28e7d93afe26ef9	27cc5259-4fdd-4125-8201-8145ae3cdc44
a75783b056a84a86945b84a2c8865308	69051dd6-57d6-49f2-846b-903eb880620e
a79cc94fa76a46aeaa1565b7348375ce	4bb0be8a-a104-4100-854c-a7bf9d288871
a80bdaf9c6a54cbeb15e2ebae4c34a96	0c57f7ef-ccba-416f-96d1-665cce13df93
a8c09378f3814de1820a5a1f5e40fd62	4fd3c37e-7307-457a-9a64-44b1932d614d
a8c34db68d444bdba6651f20159bd90f	c8262a18-829c-429e-935b-8ae865ff400e
a8d2814198674eae9769a3dfafbe2f42	753e61e8-3d71-4dee-8d4e-24453cd5ef0b
a8ef3e5d8c7243ef9130b8376a8d1f6f	bbefdeeb-c8b6-4227-8e0f-e8d5a8eb5635
a8fb2884bb164b618a62131638a2909a	77a185c9-ea13-4315-9b8c-471837319e2b
a9343b634ce7450e90a0b6d6fdd19ccb	0fd3a227-dd6a-43f8-8734-9d64520faa0e
a9f0c77be35b4e8dbb62baa6245a7b12	faecf42f-538d-40f5-a837-8e5acbb85618
a9fbb1fba1754b8998f2a97725e0b11b	7b90f0e0-9997-4a23-a716-8fef3646efea
aa98a6ab91254b66abfab91087753eb4	95ec9439-3134-4cdf-afde-d585908e8a58
aa9a64a7e3c043a4b7b643c686ada999	0b8f3d02-cbdb-475d-beff-fd994ce01e69
ab74d209efd14fcebc42d8a2a96d2f50	4d1d7d71-55b1-4c0b-ae76-068ed6beb1ca
aba09d6fd98d44e69c86440e0b511604	3391a7ad-623d-4e02-90b7-48acb365a7f7
abc65f1133ef420e84b43d3251e60f26	23053574-dcb9-4107-8aa8-b583ac3b13ec
ac6151afcf6e41acb2455f8f135b757d	d7dcca5e-bd1f-4e03-8c0a-ab086ef2b52a
ac77122e1ee94448a3ac0f1863931315	5c916db2-a8de-440d-8c73-198fa8ce86bb
ac890ab948434d40af2e87f5f2854a52	8834a0ba-6d38-45a4-83f2-407b33edb146
acabd2b3b87348cfb4ba02a8fa78ba4a	12987fbb-9219-4159-ac92-230d4eacf42c
acb6ba800c044a638bb24c83b5aa6f8a	9e046c75-f9fd-4290-9389-aec23067c1a8
acdd584c12fa45d993618066a8ed7874	16401EE34784406F9D7499925B47794F
ace6382e391e4148887a927a6027a978	415e111c-9cd8-4fd7-8892-2e8ec0c08bc6
acef042c2df94c448463dacd19b71a65	d621094e-b9bf-4920-94ff-2d16700a63f6
ad4f1c7f2ee2430b9bf6d1ce02c53dbd	2b3ddf26-76d6-4fdd-bfa2-cecc16ed8c6b
ad700e2ff00246d7be8d3b1ac244e577	e6238395-3c2f-44d1-8baa-6838d0e8c842
aed91fc258e94bceb4c7e76b720f0df3	e58bc72f-0cb2-4064-9a98-c9afa2194c10
aee26ee0ba684220b8ca7be3a1c367cf	e0bd7286-0804-4eeb-9350-d66639ebc836
aefae31bb472462d9c9aae7e2b85d864	6946f83f-f5c6-413e-a2e8-675fb3819d11
af188e12a1104c5eb2fc66d640abc22f	c0473b2e-89cc-4374-a90c-1a183d444cd5
af4efe11a5fa4d7f97bbee8f7c9b167f	9de5d246-7d0f-485f-8e91-bb3424698d86
af5e893d58fb4720a404e5b37cae5e61	7ca325eb-cb85-48ab-aa91-1c9810258528
af60d83a47934c7cb54c4d1428499f2b	07c7c260-3603-485b-917b-1f0ce870ce49
b0626c0590cc4f39af0ad7e83b428dfa	1cedf2a9-968a-4c49-aa7c-9acfe8b21ecd
b08399cd1f584577ba32da7a0ff3d486	ad5e6d76-9c72-4213-ba8c-dad5d7ed08db
b0d8591108834f7ca260806b0c96fd19	8d2a038f-df55-4038-94f4-d435c971b5c5
b0e1215d6797485ba5b5f6ac35a91e78	0bad7bce-e82e-45fb-b425-ec5257ea59e7
b0e5b03bd98f49ad9258ee5555801930	103c50f128a847a08da761d6c031d8cb
b195a60a444d4f90bc48b9794eceece0	fbdd2474-339b-48dc-98d9-0824682ae80c
b200b13cd9ea46f094678f844c45d691	4ac93280-dc67-48c9-b1f0-aab4b06f23b7
b21594855cb7438991041de81bd0518b	a5133bd0-eca0-40f6-bcd9-7b58eeca6909
b2255d00660f4691be9f6aa294c78b11	4dbd566b-38df-4513-a076-c16700348fbd
b23e1034ed214d15ba70ed18509b7786	19ed8184-0ed8-4267-ac22-1ef9c6f3d716
b2412fb2f6df418aa1ae32106bc97d59	f7820274-ad90-4b54-b9a1-d7fa13cf9081
b265bcd8aec14c1d8619b13a5782ce33	96fe65b8-8511-43a3-b2db-3b3ba516c7cb
b2ec62091150498aa66174597d8d4460	4e324b79-ee26-477f-afdd-63780bf81415
b2ef91de85d347b4989050cafc9077fe	cc56aa5a-97e4-4881-9b89-ee9ec1378041
b324532992254b3e93e4a139eb6a5556	46758c13-af4e-4fa2-ad7c-4161b9a5de61
b33a3271002145a8b284775d58e3de76	A473049C29D543CE91CEFC89E7074355
b379eb42710948e78ff72234e2c67365	270220d5-2111-40d3-b70a-7c9797c87f06
b3a100310d3c4724b2d4af10f7501652	98E6D672E7984FE89C4AA69425B9425B
b3d38e9a16d84b27bdf3ca6bacfbd3a5	56141562-c732-46c5-8ce1-5fdaaec61ca6
b54ba93b630b4a7d8c5c1ce28ccd11d5	8cbf5cab-3a18-4c5f-a70c-da847d760440
b57d1960afed4ad199b5a931a6f51970	d22e498c-3831-4183-b767-cf5c94d94b8f
b5939e3e7c94437ca71dc31d1e74d73e	d2bc9ac0-16dc-427d-8c74-3404587c4f54
b6d15de98bdb48479d9f712687ed1cd8	004e8772-7693-4195-af69-4559ecf756cb
b6e32da7276f480da25de679b5b71a3b	840394e5-cc95-4168-ba9b-e6e32e999fc4
b6eea98beaca4ade9e6bbe457cb04cc8	4e21642a-b6e0-4327-a407-cef36fa9ec7f
b71d1cf750ef4dd1ab65b5ce817ae25c	fdefffec-2818-4a34-b107-84b2aed029ad
b725faef55f546ea84349ec3c773e1f0	f671c295-577b-461d-ab88-dca189980145
b764b4d07d4f4288b21ef0b51c90c7ba	406655DCF8D74A43B5AAF2C22451B05D
b9b173ca3be14c91a6bd808f327f6641	b773094a-9947-4dce-8871-454841d98af5
b9f8de558ea04496a07121da35d3a575	6774598a-b3fc-4e24-ad55-c09ec3cf445f
ba2b0d09c1304914ad78bbdbc07044f7	7c79991e-a5d0-4035-83c8-b38c8945d4c6
ba917f3b4bd54e878a7b6d4b317e8d4a	6d421995-c358-4835-a215-65e7617be8d5
bae653d36d714725a9499f60261a66f8	a5070ee3-103a-4ca4-9e07-59b28e3abc81
bae992ac2ef24142bb1ce2dbbeaa4deb	12c18790-0887-416d-9a2e-a6ea459d8fb1
bb534b698b8243918d2c5af41ea60589	178420c2-e6a9-4036-9e47-ee8b8f4b61a8
bb6b980c26b54bd8a9e315fc7084d352	816aac23-0dc7-48f1-9165-aa33c9afa8a1
bbf405c4a4e446fd8fd2e3188bdb54bc	78fa575b-0e85-4892-989c-c58271f56f66
bc16943d006147d9ba55323f4a28b2dc	e5604cca-d03f-4dee-8c4f-e907b12fc199
bc22a76a5a45485ca4a330fc3fcf56fa	20eba720-43b7-44cb-a117-467f7eef9014
bc324221b37e4b868cd766648065d25b	dfc3904d-606d-491e-95d9-31709a1f826c
bc354801c7424ecdb51ad0f57eb3f4ab	a1ef88be-0f98-40e5-9550-a77b6c192833
bc5e276c2c73418d9fc1fe971434ec2b	3aed6e88-46fc-4789-afbe-6cdd0ee817cb
bc76508f37e94b9c8e6e4a0fa34eb27e	5afd2b11-5b84-41f9-a5ad-cff482d7582b
bc8849e0767b48c380ed66e425736dc3	f0726f94-8f15-49b3-bf82-b3085c0baf27
bc94e708d9f84c6aab883a5971ef6fd3	0ad18679-4425-4f9c-b1fd-3177d845df65
bd47c08e066e40f29ea1897155672830	5c9ebc74-895c-4a9d-bc72-8c62e1e4a2bb
bdb3111f0766432cbf63bf3202252be5	fa87b158-4bee-49ed-92b9-eb7e28c132cc
bdc5f71206b44651bf7a9012a6622b3d	2c83b9cb-b5e7-4130-950d-b57af1231d57
be50cb1e33a04e11b6cde22d9225e7b3	f4c6cdf5-0405-4177-a351-8207937644d2
bee4a1fd98b44e6c8d018b6aa46db40b	01ed2d13-2a99-4057-bd88-5dc93869611b
bf4ace21d73449ff91195fa622829fda	ba3605ce-0545-4896-8cfb-f6ad694ee75f
bfb81c69cf4d495da2aa6e7382d6db34	d38273db-63cc-400a-8f80-ca33f31a492c
bfb8bfd1907046d3afc4def965028417	b6a33c47-e6a9-4d2b-ab5c-b12222976941
bffec29255a24c4490d052f5f4f15e56	6f37b2f4-617e-4d90-bf62-a909a8fd4f1b
c0033c85a89a4c028d1551211f85270b	71dfc38c-d6a8-4c5d-a335-05e9e92e21bf
c0905946d42f46878e708520dc35fab1	cbf84bc7-4fb6-4a96-8f81-d25035cb3c73
c0bc08bc4c3f4f23a7eec6d93d349b98	b303663e-1e3b-4f50-9a26-84021ef3478c
c11acfd8d704409ab91d15f7a240ec8b	071d3e7e-53e6-4eb0-b12d-d38568fa8903
c15752e8d2f54fefbe20fb289dbe9016	1d7a385e-e8fa-47e0-b9a9-6a4ea1940a5d
c18696a9536c41ef8870226533a9d0fc	9ba551ce-ce89-4850-9995-50763b747cd1
c2f4dc10e63247129c9daf2c8b94ae7c	064dac85-f9ea-416a-84e7-9a68ca0ab29e
c32b2220b19845f68765e22bf4e15c00	08c95923-90d8-46ca-be34-485c31d57b11
c42bd48cef0d43529ee6cbdbc205bdc5	d09d54e2-1f2d-45a6-b8f9-5f3f1adc7b97
c479b1967d014d2b9c613dcc20157397	cb4cbf9d-78b1-4e34-84e9-171addf6967f
c48da3f378ac4feeab764d01b3b6608d	96151e98-2e0a-45bc-a316-76406e54464f
c4ffac975158488eb0c5c25d6ba25214	012d9363-c972-45d8-bf3f-754a0491ab2b
c5736572d394421e9d3b9b91095c8c2e	efa25b9b-0f43-4edc-b5ca-37bd43d659d1
c5e66dce82a240d4a8c5411aff08feab	77c6b22b-4b0b-46f4-a980-9fc57126c7e7
c5e716a556ec49ed873076e8e73fd3de	1481d426-2342-4f7e-83b5-6d8241cbfd33
c60d497786314fb8a7eafcba895b67f4	dbfc665d-b749-4b48-84db-fe42b3c0a69c
c61d81df1d7f41078570499821305c14	521c13f1-b1cc-455c-9f06-41afdd6556cb
c695ba4348254f93a879d568dabda906	028ea302-74aa-461a-b296-60e1a480ed88
c6d8c37adf204ab1be891419fbbc4708	84363b40-9b22-405e-8261-ffd99c1752ac
c7cb23f8ceca451dbdf22685acc2bcff	a8c3c2ef-386c-409f-9ad5-c0809cbd6ac5
c814737230814a9e97a5b36c92c3eb11	05a475e3-6eb5-4663-a87b-6f25002aa841
c81c4291923e4d2c8acccb426f300ccb	06771fdb-c0d8-4d41-b845-c3f8c728289d
c87750a891d940f98bae20769e24a996	020000ed-33c8-4687-86e8-4589d110a33e
c8f0a5500d6a44e2b8a4ff5f3797c98e	056b22d2-c67c-41c6-b2c1-10098b0c582a
c8fb8671d03b4d9aa665325526f09460	c6a1cd98-ffd9-4ab8-b942-57f53e50fba0
c96cd9cc69fe412b9793410bba05bd8d	aed21c86-a75a-4f3f-a682-9c4c925bada6
c983f296008a455a8367bfb5196fcafa	bf54bd34-2c12-4631-87c6-ec17233f8d00
c9ba7353475741679bb866b3df27d2ce	f154d658-bb43-43fa-b843-97d51cb8e26b
c9fa6293754a4ccdbde2c078723ea96e	05f97569-09a5-43e1-b78a-eb2df77383d0
ca0e35dc2c9d40fcb2714cc36e6041f3	b1923807-28e5-466c-b4f3-5ac2574e6b1d
caa8b2f9d7304df39e3def36a18c688d	6038c532-8b54-4ff2-b544-e47221a8e1fc
cad9d58d29c94cfb9e61167e8055682a	3077bc4b-8b1a-490b-8171-9e90d57af804
cb76c497fc78408cbf3633e33f68bfdb	29c8f88e-96c0-425d-bd3f-7d4f14869129
cbd38fbc16e34b32a382a8c632c8501e	109d431b-20ac-4951-9de4-aaa3f4707378
cc493cbdbc40450e8b3c4a0f43c67677	7e13bb25-a529-4a70-b620-dd989c17413e
cc5194e5ef844014914360c9574f48da	55ebbaf8-cc9e-4b57-b3a8-c0824abda1b3
cc65883da3ae49288fa5b86283326b98	d6627411-c78e-4f99-824f-5ecb31eda515
cce556ae20ca4ee3b082785cacbce766	18ff3f34-afb1-4a6f-869d-3889c1cb4171
cd01491e91d049f182e394d832fd8b09	ce849178-9e86-4ec0-925a-e515834587aa
cd454a99e0994a1c81e48a6649bd90b0	5513eab6-8dc5-4cd2-bf04-a9eecba768af
cdac323a01844daaabf817c9920b9fb8	9ac06f46-f3e6-4dd6-ae40-3dd208ff5eff
cdd874ce50754b64ad44d4658b3eabb5	a6b213b3-5e9c-4ca5-9967-13a27229bdb6
cdf59a7b5e7e4915afad04087c05da64	458e66df-dc2a-4e41-98a6-430dec4dae40
ce4020e1b04443af861f2b2e4bb85094	5f070754-62bf-4526-9b41-53b5da742b6e
ce5fd6f13203468dbc46c2df33984f61	1afb97ac-afee-4634-882c-6e6aa9b6f4c7
cefa0164c1154e70bd797cbe50b34f5f	ed1b1296-4e25-47f5-b008-f045fa6f85dd
cf56a17ebaba43f8a666e1ccac885b49	19f4cc45-1c79-4c41-a58b-b6e657a080db
cfa3c850d9b94e7ea0089896f5a2a940	DE0E8FEB10CB409FB7D048986457F088
cfab171811ce485691d687e77259701b	9fe33c56-b4da-48bf-9be3-3a9070fda1aa
cfc68176b1fb461ea7e4ef05a682e76b	10a4d5ed-79d5-479e-9db1-4c23fad7c3a9
d0ad3049d0bf4d2abaf783f7fedc14ce	dfc84526-1a9f-4022-bbc4-9d18773065d7
d12389e2aab548c8903d3e5fd257fc7d	6d0f93ce-9cb8-453d-98c7-881c8f2b2133
d1cad262117149fab4369d64d68c6c0e	eadb96f5-a5cd-43a0-9343-cc0d07c32745
d1dc948dde714d10a1a08c97f7ecb763	1b84a17f-7ec2-4af1-96a5-6b3646d18b28
d28b6fe82844486ca37ad48c0f7c321a	e191fa38-5029-4bdc-89b7-ff1e0e00c0ae
d2fe0c6f775d457ca8586c453f324873	49c21303-c845-428e-940c-2825cfee2fa4
d3219b1861f14a8f88cd72b9822b07ae	43b8ddbb-f6b7-4126-a45a-d2a0f65609c0
d410ed3e40054ee5b6d8ac267ca07663	45252666-655d-4f01-8dfd-88337b18a3d4
d450514d1e1746c683d42dfdf709c715	c5baed77-d61c-4bb9-8869-d6c56355a2b7
d506042bb7b342758cc956914e43b1c2	05c1f3d0-c958-41ba-adcd-3002b84cafa1
d52937f55e164a3da876ec08a7256bf0	edeb96ea-6734-46c0-b8d5-d06e9b723b14
d52ebc13a27940969962525769360195	adebe7a7-ef84-4b2c-954b-35c1d7e01432
d55dff1b24be4d81a2b7bbb2dc05ebdf	bb91bb3d-276f-4a8a-b6d5-a3508a6ac728
d57d5b1a00a5427ab91e18249cf8b522	5A27E30FE0FD4C61B9708DAE8E0BCA16
d58f8d2d55b24c83aedec8a6a46e799b	400541ab-5f76-4bfa-9a5d-ffc27f7df943
d637eea091c54b08af1524b18116e780	530eea89-60c6-49cd-be7b-e80e97a73c5d
d66c96346aaf4c5d97c7ed92e569dea2	f8bdb0dc-1fd8-4f16-b82e-a78cd036872b
d6a54316e1e24c1abd49dcd670566f3f	c6a4b6be-d970-475c-a66f-d92951dc66d2
d6d27c037fef45adaa58f9d451986f98	4d23d6de-67d8-4699-bc29-ff50145d92c2
d6fd1d65eba745d9b89e399fa60ea744	7f80a73e-b066-484d-abb5-3198f1ffcb31
d73915814dfb444f9f527175af89fcb0	31266871-cc74-4e6a-b44c-dded56b99030
d75471a9d656439484b63643b8423159	c61b028c-ccc1-44d8-9c79-eb7288530090
d76f449361d040cda69a1ce5b421e15c	9d2047fe-81ea-4871-87c8-3cec9a297ae2
d85217fd1c7d40759734048bb8228919	c8183e2f-b091-43a8-8ce6-f1d8bc9e5909
d859ec5a8b4d44f19dd84137f2ae0add	95bb59d0-6586-4c8f-aa6e-556b987e8b93
d8bf28be16584949a9d285e15640a545	8a36d820-96d0-4e17-bd26-a721abd6a490
d9483e40832247ccb19071f35d9b182b	c3aaf55e-832d-48bd-b356-0d9494a8722b
d97e5ab68c1e4f25a1cf9a553a77ab07	5ee2d5fd-313c-42e8-be25-f99767b7a86d
d9c7d7e61660412aa0ef1b5c358df333	65ebd1b4-17a9-419c-95c3-96826ca291ac
d9e317d714124ec18f6785f10d0bba82	78102430-4bbe-430e-ba25-f0da8562f252
da6f2912ae19494384a9e586b6651efa	c6c466c8-b935-4c4f-a8a9-6bb970abaa84
db152d2854f147fcb5290e3cdadbf90d	b9a3d7a4-f237-46a5-9315-17293ff829ab
db9db885ccac468d927eb934986faa0b	fb51f561-8b00-4e45-892f-0f47ecd2bdee
dd03f8707f584d48b6a56f147b078e98	0e08aeef-9c0b-4676-83ed-f2b8f5a819ee
dd2894b86e564a1dbc7ac3789a2b3a51	1185827a-76e8-4a1a-8d7c-7e3886e6abac
dd4d782d8a4142749bbfde395f2ab26a	2289845b-4a7c-429d-8c5b-5b51e4921437
dd8f528e29914c2aa7344665b7d7b3e9	a1b53043-3a76-4356-9981-7b141427dff2
de97e9eab9b840bda46b94e4117b2021	e0432f72-b720-4d9a-b76b-8e7c1bd096b7
deca74e84d5f45efab46c59a3b082aed	26a2624c-2eee-4efd-a783-4a967cf5c318
df3417098a46458288b67a0dfcde909c	5287238f-8b42-42a5-b963-f3228e7094d9
df887ee06b314dc08620fe9ae40cef7b	1eb38822-84b5-4ad5-b511-a19f4af5ffbf
e0110df2ea0e468db5a606eb1bbef8c1	12185092-e613-46c9-b8ec-dab3ae39422d
e021423d994949109b976d6c205edddb	a4ccf561-6298-405c-97a3-941aad3b6f12
e0271eac89e04b488ab1168a609ff883	2680abf9-6ebc-4943-aa6b-4f8657cd67e4
e02ddbb9b37e4dc3930882e656c89c9d	0799e335-6670-4eda-bc25-ef829d338d96
e03f5f0cab704d53b6927a04c134146c	d7a9bdb1-6aa5-48b1-932d-69a8f670feb8
e0b3734b5e184fbfa14e9500b07f94a6	b08b6a36-48c9-4102-9109-b47e0c78070b
e0cca8af6e764531b3d6e5cf29d8194e	253c631e-0f0f-4b6a-a4c0-3144d34c91e8
e153557a8acd454591d2382a43112de5	1a6274f4-16a8-4a4f-a2af-9371d45c29b5
e1f178455332452499e7b1d67c3e0734	2b72b670-7df9-4a75-afe9-fdbb25ef7839
e2018c6136f048af875617812bac46fe	dcffb1e7-d5ae-4b3a-bd3e-6e0606792483
e224ea8f5d2143c69070191d8ebdfc77	c0780ca9-3cd8-4f2b-bf06-52abc870280b
e2317b64f0034806bad052fb05df497b	281CECCDDF584449A975E673218DBA6E
e23e4f88fdc04c6dbf32697b462747f3	3d33ce84-7a22-4514-8cb3-d2ccef846027
e2705881937e41edab4fbacde3ce9b9a	839716e3-4bcf-4066-867d-01fc4060adb3
e32866c3eb1f4c45abc1bbfcf6dfad1e	37e7ae8e-7a48-4b7c-9091-b81c2598a118
e38bfed7c4d64e00bc90479ab7e3e3e4	b10bfcd8-6959-4e92-b4ad-ffea53733740
e3e83ffc6624443a82b421f489fef496	42b8d406-b381-41f4-bcdf-78480c4a46ef
e3fac241bc3849078641f5ff51b30f3c	e8a41023-45fc-4886-8d8a-ee1f8bd8df0e
e4c08882a59746fb8b296f4906de1760	571006d8-5735-4034-98ce-052c534c1bde
e4edbf08ccb14f80bde1616976ae835f	02acea35-101d-4ad0-af11-45bfbd15b81d
e51973692c074718bc1c4347454c425b	bfc5ebaf-7bd6-4b18-90bd-f41fd638e082
e5604de5ba44476ca5edd17955869bb3	9f61a508-2b1f-463b-8a4a-ab958ec2873f
e5888f7c2aa549e19d98829b20410a67	2854c35b-5ef0-4128-8161-3922418e5b93
e5ab44eda43b447c9080d2d0deba5780	95e3776d-476e-45ae-9043-78bd74487160
e619dc5074a246d1871c3effe8ccbc60	baf3477e-c275-4125-beaf-d2a07582f138
e6848140dd564aa78effd4889d27a5eb	fde66c87-14d7-459b-b5eb-b832abf7845b
e6a16d153d314b8db0c059cf871374ef	c8ab971f-fc0b-4e4a-9673-919764ac17f6
e6b437b101bf422f8ec40200835b7121	d63bbc21-6b1f-4aaa-b805-5014988567c7
e6bac75aec6a44f79f0d121397960c20	4cc375e2-0567-4a4b-82d3-913f1147fed2
e6bbdbf989624aa2a2ede1c7c78f5e9c	ba713fe3-d0c9-46e9-bc31-153fc36ff1b8
e74c0b28b5db406fb185793785c16c55	005ab437-0e40-4ef0-9fca-f887638b5eea
e8082c0e763744fe99bee6ddfdc5fc36	5f7014d4-fa6d-49db-969e-53f330e71fc4
e82ff70bf6ab4447b61003a852cc39df	1ed2c8d3-e2b7-459e-b209-d5fc94a80f77
e84bd96eccf04fc9b2c43e2e010c21ee	000745c2-f418-47b7-a89b-b598385a2e18
e8a39fcaa90f40ebb98caa5a7a7ea699	5c5a7fc7-4d67-421e-ad5a-280e7594adb8
e90aec22a9e9470dac9254cd6b5e98e7	c6bd4138-9f50-40d6-b2be-c37b12f22db6
e90af3741fcc418fb619aaee19243ac8	b59f1a9f-1e9f-45c1-8af8-88a985365a95
e925fb34bb934ff5938bbbc5910e9c67	07fea391-8898-4328-a424-ab1f9230c59e
e9536e6c7cbf4abc9d150a7a27b7ccc8	6423c455-dee1-4e55-bc60-5ce3a645b3e8
e95ff9aa4f9245308ab4b4f4f06e4ac6	2e121ff7-9140-44d7-b6f5-07d0c3e21fba
e98f389223754b7c99b89ebf68832538	0dc6feb5-1996-4dd6-8b98-1a6ae6401e47
e9e22974bb11437a838cbb2af8167820	9ea7f50b-c2bd-47b5-9ea2-3c2bc95567ed
eb55c235945c492abc147391858a45c6	64c168ef-eacb-4f65-9a59-9309d4fdaf12
ebf3a66e02a94a4680cac7486a1aa03f	feee2e38-0b9b-4955-9f8a-db26b8009350
ec6acfcfb8104230b3b98a1c4856409d	51405cb6-6f7d-4b0a-b78e-fa7ef368ffdc
ecc39f5d5bfe4a05b4641bfb3ff524d7	030304a1-3d60-4271-8090-a0c1d6b5a448
ecca311cdf22417d92b126dc6a679a8b	19299ba6-74b0-495e-97c2-018985102291
ed4181a147b147df90d626d449abdc77	6a6ab41a-822a-4561-afbb-94b7fd227bd0
ed92571cbd7a4ffa9ea9a2118241e873	2de75ec3-c024-48bb-b7fd-66c7d255b8e0
edb218d54b0246c08b61d8a1e4231f65	d398fe61-28f5-4172-b40a-221bc984cae7
ee3e828ac8f74ead801ee73576027f68	07f43a91-580b-4d4b-828a-c65d6ac0d2fc
eef75d4db9f44e7496b481af53f4f1df	36b3a2ab-b438-42e1-9f47-a8132e5c4b2e
f057f24b5fb142588db44705cdcf7554	fd0e6d6a-51be-4e4c-bf20-9b423fe214cf
f1b36d536a4843c6bd44c55859c73467	d9fef404-0a53-4cb5-85af-9fc747769a14
f1b6f4097b1740ef82b6f8003d2f77f0	7C063CA9B0DC41A695D6CE6C18EA11A8
f1bd00d70aaf4c66ae69128b6082b906	c836b401-1a49-4f5d-8ff9-f9d5c8c0cbd1
f2375187a8ff42b4abd38657ad75d8ad	c683f3fc-19e4-476f-ae15-77c0d558df9e
f2ead7ecb7ab43b6848b4a89f09abcb9	c5e597ee-5545-469f-9cf8-3bd36459a449
f40fa08adf69440daa907effe94c75f5	3db905b5-d457-43aa-8ed3-0afcd8bd7724
f44328132ee745f08261797f37215608	60197c48-c0d6-46ea-89b7-0408b0f167b6
f4852a3f94ec4c18838aa055f2ae294a	04e31135-4fd8-4da2-a12d-0c1f94c33c8e
f49d84d74c87497a857a1ed7d8b48cfb	58030d4f-8a5c-4079-b7c0-5325af09b125
f4d74e0f536244f7bd50265aded1f95e	40f0630b-e358-498b-b839-9bc560387466
f4e339445fdb4698b690087c237027f2	f9d9a276-d214-4420-8285-de7c46d1c465
f50e7f79c44e4089a971ee4047b456e4	15f87c34-095e-4c8c-a900-be9a680e8705
f518988bdccc4547bcef11b4b5184113	61d046ae-3879-4f53-9d7d-7aad83117b51
f56995a2861d41dcb4dad10dd5e0f3dd	8b668607-0b76-4314-902c-9969829a715d
f576b5075ac3480ba942e59dd2f9a955	4f5d9ce8-4e85-4ccf-a550-85d3cb6ab5fd
f5add6d249ee4383824129daedc61da9	a893b3f3-3a65-44b1-8b4a-36b0d6c6c2b2
f5d3609395474d3fbd0b4d2b1d362c34	c196041e-2526-49df-9cf6-234da11fcf86
f5f625903ebd418fb2ee5beb5fcb0272	ed0e4462-cae9-44c3-b3b5-604a08db161a
f634c91fbfd94feb82127eb109e0e519	d3a7af2e-7b30-4ac9-ab02-743212855053
f671b4a34d7543d289b2508fb6fd57a0	5c0b2115-854a-4f78-9042-08cad758e755
f690962da1ff4e0daeb2cd6dbe88d4ff	f840a78d-2995-4e35-9253-da1c2a12a518
f6bc257fcf6d408990c61c5f9a32a44d	3BF75ED0ED9B49F799FA7CC070B86253
f6f9ce174436488dbcc3f1cbe1d1bb98	98cb2eca-713e-4de9-ad22-cf74bbb00fcb
f772a108e50041998057f8e641c45235	b754f61a-dd90-4f8e-a66c-0798535dba87
f7906e07cab7418b826187d2e21b4303	da5e3f17-b2af-48ca-a58b-1d077a5bcf72
f80011e433024193b4d30a0481771cb2	9b1ee42a-aeb1-4be4-b2f8-b5c4bc85a6f0
f8cf37db4dd742039939658f20dd0ba3	fc9a629f-00d9-4411-b0bb-7a2caf27d42c
f969450df0c14d5e8cfd54631a3589a4	1178f07a-2285-4616-98f1-a8342a4a917e
f9cc1e6cde484e75b721c4cf9abc7e9b	11df4eb8-abf3-495d-a526-e2885786481f
f9e0e3453f254d74982b813bd3a7231e	239fcf67-5f76-4207-bdb4-a594e42ef9c3
fa0fcc4d3a1e4ffea9e36bc24f222d0f	258e6f98-d88d-4957-bf83-f6bf4328fead
fa54f836e3474b01af3d615f1f3d4b2a	29f295d8-a95e-4a82-9b74-96bb8e744499
fa6247d9c7df4e7cb82beed51bff85b8	9533030c-8638-46a4-8f46-9114ebcef2af
fbbb46d6b0384d308cb767d3efd4657d	893ef251-4fb7-4228-ac88-7cf05ae1a524
fbc7da36386a4a5bbd930a184b376211	fecf1d9e-30e5-4419-8764-572e7cc44190
fbe3e866e4e14dff82e7b008322e4d00	0dc99f62-4df3-445d-9931-4e3d6d8bbbea
fc722242d11848a197af60a7a60b52d1	ab92d7ff-a5e7-45ab-845e-e7668c4613ad
fc9bfc3647bd4ba197daf63e55bfad64	9dab1764-5be7-41b5-a296-a6c1ae2f40ae
fcb6974dc4bb43018b2f28ac7523f864	f310cdbc-d173-497e-84c4-8812239ba255
fd29bf16b6a141dba56e0371a5a667df	be9250b1-cdf4-459f-a6cb-fee755b62642
fd83b93ecda848adb14412e75a3b8552	2e5d5cfc-4376-487b-86f4-b1c72e4892b3
fd97338f5e5749b8a1cf2734906cdf0c	88c7a64b-3813-4609-9d04-375e9c4bb866
fdf08035a54745bcae287deee7ad9608	2325aad5-6ede-45f4-bfea-288712838191
fe7ba7bb9f0a414db7dbda349652f34e	B2A770C3BAA14F279919EB3A684B4142
fedbe15393be40689ea847b98cfbf2d5	43dd201f-76be-4635-90e2-044c61e76955
ffcc07cc20c242668683a765c39fc2a1	b2ab390b-3bed-40be-99db-27f3ea2fe496
