added_lines	deleted_lines	path
8	1	AGENTS.md
70	0	CHANGELOG.md
68	58	CONTRIBUTING.md
31	21	README.md
42	109	RELEASE_NOTES.md
9	6	SECURITY.md
12	16	androidApp/build.gradle.kts
1	0	androidApp/src/main/assets/board_map/boards.geojson
132	0	androidApp/src/main/assets/board_map/boards.meta.json
17826	0	androidApp/src/main/assets/board_map/cities.json
9	1	androidApp/src/main/java/com/cruxcoach/android/CruxCoachApp.kt
6	3	androidApp/src/main/java/com/cruxcoach/android/MainActivity.kt
19	1	androidApp/src/main/java/com/cruxcoach/android/ble/SessionCommandGate.kt
45	27	androidApp/src/main/java/com/cruxcoach/android/data/ApkDownloader.kt
18	8	androidApp/src/main/java/com/cruxcoach/android/data/AuroraBoardSelector.kt
16	8	androidApp/src/main/java/com/cruxcoach/android/data/AuroraCatalogueSync.kt
67	0	androidApp/src/main/java/com/cruxcoach/android/data/BoardBetaMediaSync.kt
10	0	androidApp/src/main/java/com/cruxcoach/android/data/BoardConstants.kt
591	88	androidApp/src/main/java/com/cruxcoach/android/data/BoardDatabaseImporter.kt
8	0	androidApp/src/main/java/com/cruxcoach/android/data/BoardDownloadSelection.kt
75	0	androidApp/src/main/java/com/cruxcoach/android/data/BoardImportIndexes.kt
23	0	androidApp/src/main/java/com/cruxcoach/android/data/BoardImportRetry.kt
229	171	androidApp/src/main/java/com/cruxcoach/android/data/BoardSyncManager.kt
8	0	androidApp/src/main/java/com/cruxcoach/android/data/LocalShareSchema.kt
78	0	androidApp/src/main/java/com/cruxcoach/android/data/MoonBoardBetaSync.kt
14	6	androidApp/src/main/java/com/cruxcoach/android/data/MoonBoardCatalogueSync.kt
23	11	androidApp/src/main/java/com/cruxcoach/android/data/QuantumCatalogueSync.kt
7	0	androidApp/src/main/java/com/cruxcoach/android/data/SessionGattBridge.kt
66	6	androidApp/src/main/java/com/cruxcoach/android/data/UserPreferences.kt
1	0	androidApp/src/main/java/com/cruxcoach/android/data/blossom/BlossomManifest.kt
114	11	androidApp/src/main/java/com/cruxcoach/android/data/blossom/BlossomSyncManager.kt
36	9	androidApp/src/main/java/com/cruxcoach/android/data/kilter/KilterApiClient.kt
149	124	androidApp/src/main/java/com/cruxcoach/android/data/kilter/KilterSyncEngine.kt
76	0	androidApp/src/main/java/com/cruxcoach/android/data/kilter/KilterUploadStatus.kt
18	0	androidApp/src/main/java/com/cruxcoach/android/data/kilter/KilterUploadStatusLocalize.kt
22	2	androidApp/src/main/java/com/cruxcoach/android/di/AppModule.kt
11	15	androidApp/src/main/java/com/cruxcoach/android/nostr/NostrRelayPool.kt
55	0	androidApp/src/main/java/com/cruxcoach/android/nostr/RelayInputGuard.kt
5	2	androidApp/src/main/java/com/cruxcoach/android/nostr/backup/BackupPreferences.kt
13	35	androidApp/src/main/java/com/cruxcoach/android/nostr/backup/BackupRepository.kt
4	15	androidApp/src/main/java/com/cruxcoach/android/nostr/backup/BlossomUploader.kt
7	2	androidApp/src/main/java/com/cruxcoach/android/notification/BoardSyncWorker.kt
4	19	androidApp/src/main/java/com/cruxcoach/android/ui/aurora/AuroraMigrationScreen.kt
8	2	androidApp/src/main/java/com/cruxcoach/android/ui/board/AddToListViewModel.kt
9	1	androidApp/src/main/java/com/cruxcoach/android/ui/board/AscentLogger.kt
189	62	androidApp/src/main/java/com/cruxcoach/android/ui/board/AscentLoggingDialog.kt
55	0	androidApp/src/main/java/com/cruxcoach/android/ui/board/BetaThumbnailRequest.kt
17	0	androidApp/src/main/java/com/cruxcoach/android/ui/board/BetaThumbnailUrls.kt
217	0	androidApp/src/main/java/com/cruxcoach/android/ui/board/BetaVideoSection.kt
4	3	androidApp/src/main/java/com/cruxcoach/android/ui/board/BleConnectionSheet.kt
2	2	androidApp/src/main/java/com/cruxcoach/android/ui/board/BleConnectionViewModel.kt
62	0	androidApp/src/main/java/com/cruxcoach/android/ui/board/BoardBrowserAngleSheet.kt
192	0	androidApp/src/main/java/com/cruxcoach/android/ui/board/BoardBrowserHeader.kt
86	93	androidApp/src/main/java/com/cruxcoach/android/ui/board/BoardBrowserScreen.kt
179	172	androidApp/src/main/java/com/cruxcoach/android/ui/board/BoardBrowserViewModel.kt
238	124	androidApp/src/main/java/com/cruxcoach/android/ui/board/BoardClimbDetailScreen.kt
78	16	androidApp/src/main/java/com/cruxcoach/android/ui/board/BoardClimbDetailViewModel.kt
5	4	androidApp/src/main/java/com/cruxcoach/android/ui/board/BoardDeliveryPolicy.kt
134	563	androidApp/src/main/java/com/cruxcoach/android/ui/board/BoardFilterScreen.kt
15	1	androidApp/src/main/java/com/cruxcoach/android/ui/board/BoardListsScreen.kt
6	2	androidApp/src/main/java/com/cruxcoach/android/ui/board/BoardLogbookCards.kt
11	6	androidApp/src/main/java/com/cruxcoach/android/ui/board/BoardLogbookCharts.kt
157	5	androidApp/src/main/java/com/cruxcoach/android/ui/board/BoardLogbookScreen.kt
59	1	androidApp/src/main/java/com/cruxcoach/android/ui/board/BoardLogbookViewModel.kt
38	10	androidApp/src/main/java/com/cruxcoach/android/ui/board/BoardPreview.kt
33	17	androidApp/src/main/java/com/cruxcoach/android/ui/board/BoardStatsCharts.kt
70	32	androidApp/src/main/java/com/cruxcoach/android/ui/board/BoardStatsComputer.kt
6	5	androidApp/src/main/java/com/cruxcoach/android/ui/board/BoardStatsModels.kt
3	2	androidApp/src/main/java/com/cruxcoach/android/ui/board/BoardStatsSections.kt
30	13	androidApp/src/main/java/com/cruxcoach/android/ui/board/BoardStatsSheet.kt
120	0	androidApp/src/main/java/com/cruxcoach/android/ui/board/BoardStatusFilter.kt
177	143	androidApp/src/main/java/com/cruxcoach/android/ui/board/ClimbCard.kt
8	4	androidApp/src/main/java/com/cruxcoach/android/ui/board/MoonBoardVisualization.kt
115	0	androidApp/src/main/java/com/cruxcoach/android/ui/board/VerifiedBetaThumbnail.kt
181	148	androidApp/src/main/java/com/cruxcoach/android/ui/board/sync/BoardSyncInlineCard.kt
51	1	androidApp/src/main/java/com/cruxcoach/android/ui/board/sync/BoardSyncViewModel.kt
88	0	androidApp/src/main/java/com/cruxcoach/android/ui/board/sync/CatalogueSelection.kt
5	25	androidApp/src/main/java/com/cruxcoach/android/ui/bodystat/DataImportScreen.kt
14	11	androidApp/src/main/java/com/cruxcoach/android/ui/common/BackupKeyWarningCard.kt
102	0	androidApp/src/main/java/com/cruxcoach/android/ui/common/InfoButton.kt
16	21	androidApp/src/main/java/com/cruxcoach/android/ui/common/KilterDataInfoButton.kt
21	1	androidApp/src/main/java/com/cruxcoach/android/ui/devcontact/BugReportScreen.kt
21	83	androidApp/src/main/java/com/cruxcoach/android/ui/devcontact/DevContactSection.kt
9	1	androidApp/src/main/java/com/cruxcoach/android/ui/devcontact/DevContactViewModel.kt
56	24	androidApp/src/main/java/com/cruxcoach/android/ui/map/MapFilterSheet.kt
41	10	androidApp/src/main/java/com/cruxcoach/android/ui/map/MapFilters.kt
153	7	androidApp/src/main/java/com/cruxcoach/android/ui/map/MapScreen.kt
89	0	androidApp/src/main/java/com/cruxcoach/android/ui/map/MapSearch.kt
20	0	androidApp/src/main/java/com/cruxcoach/android/ui/map/MapStats.kt
28	0	androidApp/src/main/java/com/cruxcoach/android/ui/map/MapVenue.kt
41	4	androidApp/src/main/java/com/cruxcoach/android/ui/map/MapViewModel.kt
251	0	androidApp/src/main/java/com/cruxcoach/android/ui/map/PagesBoardMapDataSource.kt
28	40	androidApp/src/main/java/com/cruxcoach/android/ui/map/StatsScreen.kt
15	14	androidApp/src/main/java/com/cruxcoach/android/ui/moonboard/MoonBoardCsvImportScreen.kt
126	53	androidApp/src/main/java/com/cruxcoach/android/ui/navigation/NavGraph.kt
66	0	androidApp/src/main/java/com/cruxcoach/android/ui/onboarding/BrowserTour.kt
258	260	androidApp/src/main/java/com/cruxcoach/android/ui/onboarding/OnboardingScreen.kt
17	5	androidApp/src/main/java/com/cruxcoach/android/ui/onboarding/OnboardingViewModel.kt
168	0	androidApp/src/main/java/com/cruxcoach/android/ui/onboarding/TourSpotlight.kt
2	12	androidApp/src/main/java/com/cruxcoach/android/ui/playlist/PlaylistDetailScreen.kt
304	14	androidApp/src/main/java/com/cruxcoach/android/ui/playlist/PlaylistGeneratorScreen.kt
329	92	androidApp/src/main/java/com/cruxcoach/android/ui/playlist/PlaylistGeneratorViewModel.kt
98	0	androidApp/src/main/java/com/cruxcoach/android/ui/settings/AccountBackupDialog.kt
94	0	androidApp/src/main/java/com/cruxcoach/android/ui/settings/AccountBackupViewModel.kt
40	53	androidApp/src/main/java/com/cruxcoach/android/ui/settings/BackupSettingsSection.kt
4	2	androidApp/src/main/java/com/cruxcoach/android/ui/settings/BackupSettingsViewModel.kt
1	1	androidApp/src/main/java/com/cruxcoach/android/ui/settings/BoardConfigurationMismatch.kt
136	0	androidApp/src/main/java/com/cruxcoach/android/ui/settings/BoardMultiSelectDialog.kt
167	33	androidApp/src/main/java/com/cruxcoach/android/ui/settings/BoardPicker.kt
85	77	androidApp/src/main/java/com/cruxcoach/android/ui/settings/BoardSelectionDialog.kt
122	252	androidApp/src/main/java/com/cruxcoach/android/ui/settings/BoardSettingsSection.kt
29	59	androidApp/src/main/java/com/cruxcoach/android/ui/settings/ClimbSharingSection.kt
42	235	androidApp/src/main/java/com/cruxcoach/android/ui/settings/DataManagementSection.kt
16	12	androidApp/src/main/java/com/cruxcoach/android/ui/settings/DurationStepper.kt
188	175	androidApp/src/main/java/com/cruxcoach/android/ui/settings/GymBoardSearchSheet.kt
135	95	androidApp/src/main/java/com/cruxcoach/android/ui/settings/KeyImportScreen.kt
88	62	androidApp/src/main/java/com/cruxcoach/android/ui/settings/KeyImportViewModel.kt
45	34	androidApp/src/main/java/com/cruxcoach/android/ui/settings/KeyManagementDialogs.kt
199	430	androidApp/src/main/java/com/cruxcoach/android/ui/settings/KeyManagementScreen.kt
114	56	androidApp/src/main/java/com/cruxcoach/android/ui/settings/KeyManagementViewModel.kt
80	42	androidApp/src/main/java/com/cruxcoach/android/ui/settings/KilterAccountSection.kt
11	23	androidApp/src/main/java/com/cruxcoach/android/ui/settings/LanguageSection.kt
3	10	androidApp/src/main/java/com/cruxcoach/android/ui/settings/LedColorSection.kt
51	10	androidApp/src/main/java/com/cruxcoach/android/ui/settings/MoonBoardHoldSetSection.kt
206	176	androidApp/src/main/java/com/cruxcoach/android/ui/settings/NostrProfileScreen.kt
65	0	androidApp/src/main/java/com/cruxcoach/android/ui/settings/SettingsExpandableSection.kt
245	0	androidApp/src/main/java/com/cruxcoach/android/ui/settings/SettingsLayout.kt
194	329	androidApp/src/main/java/com/cruxcoach/android/ui/settings/SettingsScreen.kt
63	13	androidApp/src/main/java/com/cruxcoach/android/ui/settings/SettingsViewModel.kt
43	110	androidApp/src/main/java/com/cruxcoach/android/ui/settings/TimerPlaybackSection.kt
9	40	androidApp/src/main/java/com/cruxcoach/android/ui/settings/UpdaterSettingsSection.kt
78	0	androidApp/src/main/java/com/cruxcoach/android/ui/theme/CruxCoachDesignTokens.kt
10	5	androidApp/src/main/java/com/cruxcoach/android/ui/theme/Theme.kt
33	0	androidApp/src/main/java/com/cruxcoach/android/ui/whatsnew/Release023WhatsNewDialog.kt
6	0	androidApp/src/main/java/com/cruxcoach/android/ui/whatsnew/WhatsNew.kt
14	1	androidApp/src/main/java/com/cruxcoach/android/updater/IntegrityVerifier.kt
1	0	androidApp/src/main/java/com/cruxcoach/android/updater/UpdateChecker.kt
7	5	androidApp/src/main/java/com/cruxcoach/android/updater/UpdateNotifier.kt
3	0	androidApp/src/main/java/com/cruxcoach/android/updater/UpdaterPreferences.kt
40	19	androidApp/src/main/java/com/cruxcoach/android/updater/UpdaterRepository.kt
21	0	androidApp/src/main/java/com/cruxcoach/android/util/LocalShareClient.kt
3	3	androidApp/src/main/java/com/cruxcoach/android/util/LocalShareProtocol.kt
32	0	androidApp/src/main/java/com/cruxcoach/android/util/LocalTransferLimits.kt
65	0	androidApp/src/main/java/com/cruxcoach/android/util/NetworkStatus.kt
497	186	androidApp/src/main/res/values-de/strings.xml
477	166	androidApp/src/main/res/values/strings.xml
13	29	androidApp/src/test/java/com/cruxcoach/android/ReleaseMetadataTest.kt
16	0	androidApp/src/test/java/com/cruxcoach/android/ble/SessionCommandGateTest.kt
82	0	androidApp/src/test/java/com/cruxcoach/android/data/BoardChunkImportOriginUpgradeTest.kt
42	0	androidApp/src/test/java/com/cruxcoach/android/data/BoardDownloadPickerTest.kt
45	0	androidApp/src/test/java/com/cruxcoach/android/data/BoardDownloadSelectionTest.kt
260	0	androidApp/src/test/java/com/cruxcoach/android/data/BoardDownloadSyncTest.kt
137	0	androidApp/src/test/java/com/cruxcoach/android/data/BoardImportIndexesTest.kt
72	0	androidApp/src/test/java/com/cruxcoach/android/data/BoardImportRetryTest.kt
147	0	androidApp/src/test/java/com/cruxcoach/android/data/BoardSyncConnectivityTest.kt
62	0	androidApp/src/test/java/com/cruxcoach/android/data/BoardSyncSelectionQueueTest.kt
60	2	androidApp/src/test/java/com/cruxcoach/android/data/LocalShareModernSchemaTest.kt
794	0	androidApp/src/test/java/com/cruxcoach/android/data/MoonBoardBetaSnapshotImportTest.kt
42	0	androidApp/src/test/java/com/cruxcoach/android/data/NewestSortBrowseTest.kt
34	0	androidApp/src/test/java/com/cruxcoach/android/data/PerBoardDataDeletionTest.kt
22	0	androidApp/src/test/java/com/cruxcoach/android/data/UserPreferencesMoonBoardHoldSetsTest.kt
96	0	androidApp/src/test/java/com/cruxcoach/android/data/blossom/BlossomBetaImportUpgradeTest.kt
14	0	androidApp/src/test/java/com/cruxcoach/android/data/blossom/BlossomManifestRollbackTest.kt
1	1	androidApp/src/test/java/com/cruxcoach/android/data/kilter/KilterSyncEngineBackfillTest.kt
46	0	androidApp/src/test/java/com/cruxcoach/android/data/kilter/KilterUploadDiagnosticsTest.kt
125	0	androidApp/src/test/java/com/cruxcoach/android/data/kilter/KilterUploadHttpTest.kt
195	0	androidApp/src/test/java/com/cruxcoach/android/data/kilter/KilterUploadStatusTest.kt
4	0	androidApp/src/test/java/com/cruxcoach/android/fakes/FakeBoardRepository.kt
28	6	androidApp/src/test/java/com/cruxcoach/android/nostr/NostrRelayPoolContractTest.kt
12	0	androidApp/src/test/java/com/cruxcoach/android/nostr/backup/BackupPreferencesIntervalTest.kt
41	0	androidApp/src/test/java/com/cruxcoach/android/nostr/backup/BackupPublicationSafetyTest.kt
25	0	androidApp/src/test/java/com/cruxcoach/android/nostr/backup/BlossomErrorPrivacyTest.kt
26	0	androidApp/src/test/java/com/cruxcoach/android/ui/board/AscentLoggerQuickLogTest.kt
109	0	androidApp/src/test/java/com/cruxcoach/android/ui/board/BetaThumbnailCacheTest.kt
69	0	androidApp/src/test/java/com/cruxcoach/android/ui/board/BetaThumbnailUrlsTest.kt
63	0	androidApp/src/test/java/com/cruxcoach/android/ui/board/BetaVideoLinkIntentTest.kt
51	0	androidApp/src/test/java/com/cruxcoach/android/ui/board/BoardBrowserHeaderTest.kt
17	2	androidApp/src/test/java/com/cruxcoach/android/ui/board/BoardClimbDetailLogbookFallbackTest.kt
4	4	androidApp/src/test/java/com/cruxcoach/android/ui/board/BoardDeliveryPolicyTest.kt
30	0	androidApp/src/test/java/com/cruxcoach/android/ui/board/BoardLogbookOwnPublishTest.kt
142	1	androidApp/src/test/java/com/cruxcoach/android/ui/board/BoardStatsComputerTest.kt
80	0	androidApp/src/test/java/com/cruxcoach/android/ui/board/BoardStatsHelpTest.kt
93	0	androidApp/src/test/java/com/cruxcoach/android/ui/board/BoardStatusFilterTest.kt
49	0	androidApp/src/test/java/com/cruxcoach/android/ui/board/BrowseRefillTest.kt
54	0	androidApp/src/test/java/com/cruxcoach/android/ui/board/BrowseResultCountTest.kt
232	0	androidApp/src/test/java/com/cruxcoach/android/ui/board/BrowserUxTest.kt
63	0	androidApp/src/test/java/com/cruxcoach/android/ui/board/ClimbCardAccessibilityTest.kt
50	0	androidApp/src/test/java/com/cruxcoach/android/ui/board/MoonBoardMarkerContrastTest.kt
87	0	androidApp/src/test/java/com/cruxcoach/android/ui/board/sync/BoardCatalogueStatusTest.kt
126	0	androidApp/src/test/java/com/cruxcoach/android/ui/board/sync/BoardDownloadOnboardingTest.kt
82	0	androidApp/src/test/java/com/cruxcoach/android/ui/board/sync/CatalogueSelectionFlowTest.kt
34	0	androidApp/src/test/java/com/cruxcoach/android/ui/devcontact/DevContactViewModelReplyTest.kt
37	8	androidApp/src/test/java/com/cruxcoach/android/ui/map/MapFiltersTest.kt
58	0	androidApp/src/test/java/com/cruxcoach/android/ui/map/MapSearchTest.kt
47	0	androidApp/src/test/java/com/cruxcoach/android/ui/map/MapStatsScreenTest.kt
40	0	androidApp/src/test/java/com/cruxcoach/android/ui/map/MapStatsTest.kt
10	0	androidApp/src/test/java/com/cruxcoach/android/ui/map/MapVenueTest.kt
26	0	androidApp/src/test/java/com/cruxcoach/android/ui/map/PagesBoardMapParserTest.kt
73	0	androidApp/src/test/java/com/cruxcoach/android/ui/onboarding/BrowserTourTest.kt
53	0	androidApp/src/test/java/com/cruxcoach/android/ui/onboarding/ImportSourceCardTest.kt
112	0	androidApp/src/test/java/com/cruxcoach/android/ui/onboarding/OnboardingDataStepTest.kt
109	0	androidApp/src/test/java/com/cruxcoach/android/ui/onboarding/OnboardingDownloadSelectionTest.kt
80	0	androidApp/src/test/java/com/cruxcoach/android/ui/onboarding/TourSkipLayoutTest.kt
54	0	androidApp/src/test/java/com/cruxcoach/android/ui/playlist/PlaylistGeneratorBoardScopeTest.kt
87	0	androidApp/src/test/java/com/cruxcoach/android/ui/settings/AccountBackupDialogTest.kt
121	0	androidApp/src/test/java/com/cruxcoach/android/ui/settings/AccountBackupFlowTest.kt
27	0	androidApp/src/test/java/com/cruxcoach/android/ui/settings/AccountMethodChangeTest.kt
313	0	androidApp/src/test/java/com/cruxcoach/android/ui/settings/AccountScreensTest.kt
60	0	androidApp/src/test/java/com/cruxcoach/android/ui/settings/AmberRestoreScreenTest.kt
67	0	androidApp/src/test/java/com/cruxcoach/android/ui/settings/BackupKeyHintTest.kt
59	0	androidApp/src/test/java/com/cruxcoach/android/ui/settings/BoardDownloadDialogTest.kt
4	4	androidApp/src/test/java/com/cruxcoach/android/ui/settings/BoardHubComposeTest.kt
88	0	androidApp/src/test/java/com/cruxcoach/android/ui/settings/BoardImageChoiceTest.kt
69	0	androidApp/src/test/java/com/cruxcoach/android/ui/settings/BoardPickerDownloadConsentTest.kt
42	0	androidApp/src/test/java/com/cruxcoach/android/ui/settings/BoardPickerDownloadPreferenceTest.kt
101	0	androidApp/src/test/java/com/cruxcoach/android/ui/settings/KilterUploadStatusUiTest.kt
17	2	androidApp/src/test/java/com/cruxcoach/android/ui/settings/MoonBoardHoldSetPickerTest.kt
64	0	androidApp/src/test/java/com/cruxcoach/android/ui/settings/MoonBoardPickerDraftTest.kt
55	0	androidApp/src/test/java/com/cruxcoach/android/ui/settings/SettingsBackupDialogsTest.kt
5	3	androidApp/src/test/java/com/cruxcoach/android/ui/settings/SettingsBoardGroupingTest.kt
93	0	androidApp/src/test/java/com/cruxcoach/android/ui/settings/SettingsControlsTest.kt
84	0	androidApp/src/test/java/com/cruxcoach/android/ui/settings/SettingsDataSafetyTest.kt
181	0	androidApp/src/test/java/com/cruxcoach/android/ui/settings/SettingsInfoTest.kt
58	0	androidApp/src/test/java/com/cruxcoach/android/ui/settings/SettingsKilterDialogsTest.kt
118	0	androidApp/src/test/java/com/cruxcoach/android/ui/settings/SettingsNavigationTest.kt
38	0	androidApp/src/test/java/com/cruxcoach/android/ui/theme/CruxCoachDesignTokensTest.kt
11	0	androidApp/src/test/java/com/cruxcoach/android/updater/IntegrityVerifierArchiveTrustTest.kt
4	0	androidApp/src/test/java/com/cruxcoach/android/updater/UpdateCheckerThrottleTest.kt
8	8	androidApp/src/test/java/com/cruxcoach/android/updater/UpdaterRepositoryFallbackTest.kt
132	3	androidApp/src/test/java/com/cruxcoach/android/updater/UpdaterRepositoryReArmTest.kt
25	0	androidApp/src/test/java/com/cruxcoach/android/util/LocalShareProtocolTest.kt
9	0	build.gradle.kts
133	0	design.md
4	0	docs/FIPS_DEVICE_TEST_PROTOCOL.md
4	0	docs/FIPS_MESH_ARCHITEKTURVERGLEICH.md
4	0	docs/IOS_BOARD_ACCESS.md
10	4	docs/KEY_ROTATION.md
60	8	docs/README.md
85	8	docs/RELEASE_GITHUB.md
228	0	docs/de/CORE_CONCEPTS.md
12	8	docs/de/FIPS_MESH_ARCHITECTURE_COMPARISON.md
4	2	docs/de/README.md
-	-	docs/design-review/navigation-v023/variant-a-nokia.png
-	-	docs/design-review/navigation-v023/variant-b-nokia.png
-	-	docs/design-review/navigation-v023/variant-c-compact-picker-nokia.png
-	-	docs/design-review/navigation-v023/variant-c-main-drawer-nokia.png
232	0	docs/en/CORE_CONCEPTS.md
13	9	docs/en/FIPS_MESH_ARCHITECTURE_COMPARISON.md
4	2	docs/en/README.md
7	2	docs/nostr-architecture.md
68	0	docs/releases/0.2.3-branch-integration-2026-09-17.md
608	0	docs/releases/0.2.3-browser-ux-validation.md
94	0	docs/releases/0.2.3-pre-release.md
60	0	docs/releases/0.2.3-validation-2026-09-17.md
4	0	docs/research/2026-08-12-myco-fips-evaluation.md
288	0	docs/research/2026-09-16-kilter-log-upload-investigation.md
5	0	docs/specs/0.2.3/COMPETITION-CROSS-CLIENT-CONTRACT.md
5	0	docs/specs/0.2.3/COMPETITION-PRIVACY-OFFLINE-ONLINE.md
6	0	docs/specs/0.2.3/FEAT-058-competition-protocol.md
6	0	docs/specs/0.2.3/FEAT-058-competitions.md
5	0	docs/specs/0.2.3/FEAT-058-conformance.md
5	0	docs/specs/0.2.3/FEAT-058-decisions.md
6	0	docs/specs/0.2.3/FEAT-059-offline-board-cell-fips-mesh.md
5	0	docs/specs/0.2.3/OFFLINE-BOARDCELL-FIPS-ARCHITECTURE.md
125	0	docs/specs/0.2.3/board-download-selection.md
11	4	docs/specs/INDEX.md
32	42	docs/specs/README.md
38	85	docs/testing.md
13	0	flows/settings-task-navigation.expects
90	0	flows/settings-task-navigation.yaml
32	0	scripts/ci-test-problems.json
55	0	scripts/update_board_map_assets.py
5	0	shared/src/commonMain/kotlin/com/cruxcoach/data/repository/BoardLocationRepository.kt
25	1	shared/src/commonMain/kotlin/com/cruxcoach/data/repository/BoardRepository.kt
135	15	shared/src/commonMain/kotlin/com/cruxcoach/data/repository/BoardRepositoryImpl.kt
15	0	shared/src/commonMain/kotlin/com/cruxcoach/domain/playlist/PlaylistGeneratorParams.kt
69	10	shared/src/commonMain/kotlin/com/cruxcoach/domain/playlist/PlaylistPlanner.kt
1	0	shared/src/commonMain/kotlin/com/cruxcoach/domain/playlist/TrainingRanges.kt
28	0	shared/src/commonMain/sqldelight/board/29.sqm
8	0	shared/src/commonMain/sqldelight/board/30.sqm
175	12	shared/src/commonMain/sqldelight/board/com/cruxcoach/db/board/Board.sq
34	0	shared/src/commonTest/kotlin/com/cruxcoach/domain/playlist/PlaylistPlannerTest.kt
4	0	shared/src/commonTest/kotlin/com/cruxcoach/usecase/FakeRepositories.kt
